address,ticketNumber,longitude,latitude
"1100 Main St., Vancouver, BC, Canada",16,-123.0999557,49.2724177
"1900 Pine St., Vancouver, BC, Canada",290,-123.1431974,49.268873
"900 Canada Pl., Vancouver, BC, Canada",1350,-123.1138462,49.28716480000001
"8200 Fraser St., Vancouver, BC, Canada",4,-123.0907364,49.2108116
"300 62nd Ave W., Vancouver, BC, Canada",29,-123.1127127,49.2140535
"1400 Charles St., Vancouver, BC, Canada",5,-123.074933,49.27282229999999
"1700 Graveley St., Vancouver, BC, Canada",218,-123.0696517,49.2705077
"1000 Thurlow St., Vancouver, BC, Canada",302,-123.1280336,49.28250329999999
"2100 Graveley St., Vancouver, BC, Canada",3,-123.0618636,49.2704483
"1400 Semlin Dr., Vancouver, BC, Canada",9,-123.0635975,49.27153879999999
"1100 Garden Dr., Vancouver, BC, Canada",6,-123.0575878,49.2746138
"2300 Quebec St., Vancouver, BC, Canada",110,-123.1029227,49.2637375
"2700 Glen Dr., Vancouver, BC, Canada",8,-123.0812084,49.2603988
"400 Campbell Ave., Vancouver, BC, Canada",41,-123.0837895,49.2801881
"2700 3rd Ave W., Vancouver, BC, Canada",3,-123.1666136,49.2690516
"800 Union St., Vancouver, BC, Canada",11,-123.0871953,49.2772365
"5600 Olympic St., Vancouver, BC, Canada",7,-123.1892925,49.23562219999999
"100 Dunlevy Ave., Vancouver, BC, Canada",54,-123.0952585,49.2840999
"2400 Kamloops St., Vancouver, BC, Canada",12,-123.0547006,49.2629423
"4200 John St., Vancouver, BC, Canada",2,-123.0972558,49.2475508
"300 Hawks Ave., Vancouver, BC, Canada",83,-123.0868314,49.2819063
"4400 John St., Vancouver, BC, Canada",5,-123.0972263,49.245861
"2500 Dunbar St., Vancouver, BC, Canada",30,-123.1836067,49.2639691
"4700 Moss St., Vancouver, BC, Canada",4,-123.0426014,49.2425559
"700 70th Ave W., Vancouver, BC, Canada",7,-123.1212779,49.2082655
"2800 23rd Ave E., Vancouver, BC, Canada",2,-123.0468336,49.2495814
"1500 Renfrew St., Vancouver, BC, Canada",8,-123.044018,49.2706491
"2100 3rd Ave E., Vancouver, BC, Canada",9,-123.1531866,49.2687567
"800 Georgia St. E., Vancouver, BC, Canada",73,-123.0877294,49.2781824
"1900 Pendrell St., Vancouver, BC, Canada",91,-123.1423326,49.2890344
"2100 Quebec St., Vancouver, BC, Canada",110,-123.1027941,49.2664262
"500 Railway St., Vancouver, BC, Canada",60,-123.0928516,49.28496149999999
"3200 Main St., Vancouver, BC, Canada",148,-123.100952,49.25652969999999
"3500 34th Ave W., Vancouver, BC, Canada",12,-123.1819787,49.2414452
"500 Davie St., Vancouver, BC, Canada",89,-123.1242288,49.2758822
"4300 Ontario St., Vancouver, BC, Canada",17,-123.1047888,49.2472753
"2000 6th Ave W., Vancouver, BC, Canada",61,-123.1504121,49.2663798
"200 Georgia St. W., Vancouver, BC, Canada",16,-123.1142106,49.2798949
"1800 Kingsway, Vancouver, BC, Canada",28,-123.0676882,49.2460951
"600 Georgia St. W., Vancouver, BC, Canada",32,-123.1173078,49.2819458
"700 24th Ave E., Vancouver, BC, Canada",28,-123.0903436,49.2492041
"100 Powell St., Vancouver, BC, Canada",855,-123.1018839,49.2831272
"900 Windermere St., Vancouver, BC, Canada",17,-123.0363279,49.2763961
"1900 Kamloops St., Vancouver, BC, Canada",2,-123.054699,49.2675796
"2100 Waterloo St., Vancouver, BC, Canada",5,-123.1797309,49.2678399
"2400 28th Ave E., Vancouver, BC, Canada",3,-123.0566459,49.2454543
"1600 Quebec St., Vancouver, BC, Canada",19,-123.1016096,49.2716445
"400 Hastings St. W., Vancouver, BC, Canada",98,-123.1109657,49.2831488
"5300 Culloden St., Vancouver, BC, Canada",5,-123.0782592,49.2368304
"1900 4th Ave W., Vancouver, BC, Canada",1978,-123.1481029,49.2678777
"0 15th Ave W., Vancouver, BC, Canada",43,-123.1741926,49.2587576
"800 King Edward Ave. W., Vancouver, BC, Canada",5,-123.122328,49.24904100000001
"200 19th Ave W., Vancouver, BC, Canada",2,-123.1096121,49.2536171
"1400 McLean Dr., Vancouver, BC, Canada",13,-123.0741942,49.2720687
"1200 Garden Dr., Vancouver, BC, Canada",3,-123.0576513,49.2739428
"900 Semlin Dr., Vancouver, BC, Canada",2,-123.0636785,49.2766516
"1000 Wolfe Ave., Vancouver, BC, Canada",23,-123.1279284,49.2523972
"8900 Hudson St., Vancouver, BC, Canada",11,-123.134759,49.204303
"2100 Grant St., Vancouver, BC, Canada",5,-123.0616611,49.271058
"0 Peveril Ave., Vancouver, BC, Canada",13,-123.1075652,49.2463227
"3500 Charles St., Vancouver, BC, Canada",1,-123.0306958,49.2730727
"1600 Bayshore Dr., Vancouver, BC, Canada",215,-123.1295711,49.29159
"2400 1st Ave W., Vancouver, BC, Canada",22,-123.0568757,49.2692512
"1400 8th Ave W., Vancouver, BC, Canada",631,-123.1361332,49.26447
"1600 Adanac St., Vancouver, BC, Canada",29,-123.0725378,49.2773897
"8300 Jellicoe St., Vancouver, BC, Canada",1,-123.0477198,49.2073229
"300 Water St., Vancouver, BC, Canada",379,-123.1090542,49.2841708
"0 Broadway St. W., Vancouver, BC, Canada",344,-123.14866,49.26376459999999
"1900 10th Ave W., Vancouver, BC, Canada",166,-123.1483695,49.2623356
"8200 Granville St., Vancouver, BC, Canada",11,-123.1401615,49.2115534
"2200 Clark Dr., Vancouver, BC, Canada",6,-123.0774825,49.2652037
"2400 12th Ave W., Vancouver, BC, Canada",5,-123.1603176,49.2609807
"0 Broadway St. E., Vancouver, BC, Canada",212,-123.14866,49.26376459999999
"100 Clark Dr., Vancouver, BC, Canada",7,-123.0774039,49.2669519
"2900 6th Ave E., Vancouver, BC, Canada",5,-123.0442714,49.264768
"1200 Davie St., Vancouver, BC, Canada",659,-123.1335956,49.2817511
"1100 Davie St., Vancouver, BC, Canada",851,-123.1314726,49.2804294
"2300 Trimble St., Vancouver, BC, Canada",2,-123.2056254,49.2660773
"6500 Quebec St., Vancouver, BC, Canada",23,-123.103797,49.22568460000001
"1800 22nd Ave E., Vancouver, BC, Canada",12,-123.0678669,49.2503014
"100 Keefer St., Vancouver, BC, Canada",738,-123.1019683,49.2792063
"2500 Trafalgar St., Vancouver, BC, Canada",122,-123.1646498,49.26402940000001
"200 Georgia St. E., Vancouver, BC, Canada",758,-123.1142106,49.2798949
"2500 Broadway St. W., Vancouver, BC, Canada",447,-123.1625299,49.26379290000001
"1900 12th Ave W., Vancouver, BC, Canada",8,-123.1484589,49.2607886
"1400 Victoria Dr., Vancouver, BC, Canada",2,-123.0655858,49.2719992
"800 Heatley Ave., Vancouver, BC, Canada",15,-123.0896787,49.27750229999999
"3600 Franklin St., Vancouver, BC, Canada",46,-123.0257015,49.2820489
"2900 Glen Dr., Vancouver, BC, Canada",9,-123.0812122,49.2586401
"900 Beatty St., Vancouver, BC, Canada",330,-123.1142669,49.2773146
"2500 Macdonald St., Vancouver, BC, Canada",1,-123.1679952,49.2643261
"800 31st Ave E., Vancouver, BC, Canada",4,-123.0879039,49.2425314
"300 Drake St., Vancouver, BC, Canada",233,-123.1235949,49.2733954
"2300 Heather St., Vancouver, BC, Canada",77,-123.1198172,49.2649135
"100 Nanaimo St. N., Vancouver, BC, Canada",2,-123.0565577,49.2859121
"1800 16th Ave E., Vancouver, BC, Canada",11,-123.0678628,49.2562895
"2000 37th Ave W., Vancouver, BC, Canada",12,-123.1516266,49.23788039999999
"3300 23rd Ave E., Vancouver, BC, Canada",14,-123.1780858,49.2518402
"3800 Knight St., Vancouver, BC, Canada",3,-123.0759756,49.2510012
"4900 Ross St., Vancouver, BC, Canada",1,-123.0815379,49.2406957
"1600 William St., Vancouver, BC, Canada",103,-123.0733203,49.2739856
"1300 51st Ave E., Vancouver, BC, Canada",86,-123.0800144,49.2234287
"3600 Manitoba St., Vancouver, BC, Canada",4,-123.1071103,49.25217910000001
"5200 Ross St., Vancouver, BC, Canada",5,-123.0821716,49.2377496
"200 Station St., Vancouver, BC, Canada",60,-123.0984963,49.2752748
"3200 Turner St., Vancouver, BC, Canada",4,-123.0362115,49.27907
"800 Victoria Dr., Vancouver, BC, Canada",14,-123.0653352,49.2775867
"1600 75th Ave W., Vancouver, BC, Canada",7,-123.1446435,49.2052637
"2200 Fir St., Vancouver, BC, Canada",108,-123.1407449,49.2663664
"4100 Heather St., Vancouver, BC, Canada",1,-123.1201951,49.24890509999999
"1500 Hornby St., Vancouver, BC, Canada",143,-123.1328279,49.2750288
"1300 Thurlow St., Vancouver, BC, Canada",20,-123.132255,49.2796842
"3300 3rd Ave W., Vancouver, BC, Canada",8,-123.1776666,49.2693987
"2800 Turner St., Vancouver, BC, Canada",9,-123.0464861,49.2792334
"1800 Haro St., Vancouver, BC, Canada",138,-123.1365051,49.29078370000001
"800 Nelson St., Vancouver, BC, Canada",402,-123.1245924,49.2798846
"1500 Balsam St., Vancouver, BC, Canada",25,-123.1597132,49.272667
"6100 Bruce St., Vancouver, BC, Canada",6,-123.0693994,49.2286371
"2000 Arbutus St., Vancouver, BC, Canada",11,-123.1527928,49.26796
"1200 Seymour St., Vancouver, BC, Canada",709,-123.1251291,49.2763672
"900 6th Ave W., Vancouver, BC, Canada",4,-123.1241735,49.2657922
"7200 Victoria Dr., Vancouver, BC, Canada",2,-123.0656793,49.2188775
"700 27th Ave E., Vancouver, BC, Canada",24,-123.0896925,49.2464856
"1000 64th Ave E., Vancouver, BC, Canada",8,-123.0858073,49.2119873
"4300 Willow St., Vancouver, BC, Canada",110,-123.1223798,49.2473925
"2800 Guelph St., Vancouver, BC, Canada",10,-123.0947266,49.2593915
"1100 Georgia St. W., Vancouver, BC, Canada",1422,-123.1221322,49.28517249999999
"5000 Cambie St., Vancouver, BC, Canada",2,-123.1171375,49.24000059999999
"3400 Laurel St., Vancouver, BC, Canada",8,-123.1244485,49.2552871
"2800 4th Ave W., Vancouver, BC, Canada",47,-123.1683159,49.26837099999999
"2500 31st Ave W., Vancouver, BC, Canada",2,-123.1631614,49.2439526
"3200 Grant St., Vancouver, BC, Canada",9,-123.0363045,49.2713475
"1800 Quebec St., Vancouver, BC, Canada",76,-123.1026982,49.2691552
"900 14th Ave W., Vancouver, BC, Canada",171,-123.1242468,49.2586862
"2100 48th Ave E., Vancouver, BC, Canada",3,-123.0637201,49.2260573
"600 Expo Boulevard, Vancouver, BC, Canada",277,-123.1076545,49.2786279
"2400 37th Ave W., Vancouver, BC, Canada",1,-123.1611931,49.2383838
"1600 6th Ave E., Vancouver, BC, Canada",115,-123.0715827,49.2648123
"1900 42nd Ave W., Vancouver, BC, Canada",10,-123.1496543,49.23328739999999
"2100 46th Ave W., Vancouver, BC, Canada",11,-123.1551894,49.2298634
"400 Hawks Ave., Vancouver, BC, Canada",118,-123.0871327,49.2811332
"2700 Cambridge St., Vancouver, BC, Canada",4,-123.0493257,49.2867235
"1500 Adanac St., Vancouver, BC, Canada",41,-123.0741872,49.2776119
"2200 5th Ave W., Vancouver, BC, Canada",121,-123.1554293,49.2672029
"2600 Kitchener St., Vancouver, BC, Canada",6,-123.0520548,49.2722927
"1900 35th Ave W., Vancouver, BC, Canada",6,-123.1566729,49.24003339999999
"2300 Semlin Dr., Vancouver, BC, Canada",12,-123.0639232,49.26446379999999
"3500 Gladstone St., Vancouver, BC, Canada",4,-123.0592151,49.2519595
"300 17th Ave E., Vancouver, BC, Canada",15,-123.0984567,49.25566569999999
"700 13th Ave W., Vancouver, BC, Canada",52,-123.1197729,49.2593616
"400 Pacific Blvd., Vancouver, BC, Canada",16,-123.108312,49.27701829999999
"3600 25th Ave E., Vancouver, BC, Canada",6,-123.0262491,49.2479026
"1000 Island Ave., Vancouver, BC, Canada",3,-123.0710418,49.2097309
"5800 Victoria Dr., Vancouver, BC, Canada",66,-123.0652824,49.2311942
"1500 4th Ave W., Vancouver, BC, Canada",5,-123.1387676,49.2679598
"2800 37th Ave W., Vancouver, BC, Canada",4,-123.1680844,49.2385149
"5300 Dunbar St., Vancouver, BC, Canada",1,-123.1850068,49.238699
"200 18th Ave W., Vancouver, BC, Canada",6,-123.1097315,49.2547411
"400 Princess Ave., Vancouver, BC, Canada",73,-123.0914999,49.2811999
"400 Abbott St., Vancouver, BC, Canada",405,-123.1072,49.282003
"2100 Alberta St., Vancouver, BC, Canada",67,-123.1105711,49.2665421
"100 43rd Ave W., Vancouver, BC, Canada",1,-123.1164515,49.2316665
"500 19th Ave W., Vancouver, BC, Canada",107,-123.0938778,49.2537847
"3200 Fleming St., Vancouver, BC, Canada",11,-123.0705926,49.25596669999999
"300 2nd Ave W., Vancouver, BC, Canada",88,-123.1114431,49.2683171
"5200 Dunbar St., Vancouver, BC, Canada",2,-123.185292,49.23950199999999
"1100 29th Ave W., Vancouver, BC, Canada",3,-123.1392213,49.24545699999999
"5700 Lancaster St., Vancouver, BC, Canada",17,-123.0417121,49.2329251
"4700 Commercial St., Vancouver, BC, Canada",7,-123.0680154,49.2429407
"1600 Davie St., Vancouver, BC, Canada",438,-123.1386483,49.2852343
"2400 Dunbar St., Vancouver, BC, Canada",64,-123.1837423,49.26476659999999
"6800 Main St., Vancouver, BC, Canada",7,-123.101172,49.22294369999999
"1000 McLean Dr., Vancouver, BC, Canada",26,-123.0744292,49.27550069999999
"2800 Hemlock St., Vancouver, BC, Canada",72,-123.1361991,49.2608282
"6300 Maple St., Vancouver, BC, Canada",6,-123.1508776,49.253252
"2000 Harrison Dr., Vancouver, BC, Canada",4,-123.0660779,49.2106356
"2100 Cornwall Ave., Vancouver, BC, Canada",267,-123.1526112,49.272547
"7800 Vernon Dr., Vancouver, BC, Canada",1,-123.078658,49.27497
"4200 Miller St., Vancouver, BC, Canada",6,-123.0683039,49.24742269999999
"5400 Elizabeth St., Vancouver, BC, Canada",2,-123.1116105,49.2369768
"3400 Sophia St., Vancouver, BC, Canada",10,-123.0984925,49.2547637
"5400 Cecil St., Vancouver, BC, Canada",332,-123.0357401,49.2354182
"700 Davie St., Vancouver, BC, Canada",88,-123.1264398,49.2771689
"3000 St. Catherines St., Vancouver, BC, Canada",8,-123.0850893,49.2577371
"3500 Yukon St., Vancouver, BC, Canada",37,-123.1126195,49.2539083
"2100 40th Ave W., Vancouver, BC, Canada",504,-123.1559041,49.235437
"200 Salsbury Dr., Vancouver, BC, Canada",17,-123.0682632,49.2815979
"0 Taylor St., Vancouver, BC, Canada",1,-123.1058788,49.2801246
"1600 Haro St., Vancouver, BC, Canada",72,-123.1334559,49.2887592
"8300 Beatrice St., Vancouver, BC, Canada",13,-123.0675269,49.2094108
"2800 Pandora St., Vancouver, BC, Canada",65,-123.0466879,49.28297509999999
"4900 Slocan St., Vancouver, BC, Canada",20,-123.0536535,49.2403977
"2500 Windsor St., Vancouver, BC, Canada",23,-123.0831597,49.26128629999999
"1500 Haro St., Vancouver, BC, Canada",85,-123.1327618,49.2880292
"2000 33rd Ave W., Vancouver, BC, Canada",14,-123.1517798,49.2418839
"4200 Willow St., Vancouver, BC, Canada",126,-123.1223798,49.2473925
"900 19th Ave E., Vancouver, BC, Canada",39,-123.0854018,49.25351269999999
"3400 Lougheed Hwy., Vancouver, BC, Canada",22,-123.0305437,49.2617838
"500 Cordova St. E., Vancouver, BC, Canada",77,-123.093273,49.2820061
"100 14th Ave E., Vancouver, BC, Canada",138,-123.1073108,49.2583238
"2400 18th Ave E., Vancouver, BC, Canada",1,-123.0582425,49.2533514
"2100 Qualicum Dr., Vancouver, BC, Canada",10,-123.0641651,49.2124075
"1200 Cotton Dr., Vancouver, BC, Canada",17,-123.0714521,49.2739201
"1200 Haro St., Vancouver, BC, Canada",144,-123.128095,49.28534459999999
"2600 Alma St., Vancouver, BC, Canada",28,-123.1853695,49.2637236
"2600 Alder St., Vancouver, BC, Canada",38,-123.1313949,49.2624099
"100 63rd Ave E., Vancouver, BC, Canada",12,-123.1043604,49.21313259999999
"7600 Inverness St., Vancouver, BC, Canada",2,-123.0799127,49.2155882
"1600 Larch St., Vancouver, BC, Canada",15,-123.162124,49.2717093
"4000 Prince Edward St., Vancouver, BC, Canada",2,-123.0967505,49.2493721
"2800 Laurel St., Vancouver, BC, Canada",99,-123.1253331,49.2624258
"3900 Cambie St., Vancouver, BC, Canada",6,-123.1149701,49.2503508
"1900 7th Ave E., Vancouver, BC, Canada",33,-123.06578,49.2639156
"3100 Glen Dr., Vancouver, BC, Canada",4,-123.0814395,49.256583
"800 Cambie St., Vancouver, BC, Canada",675,-123.1175264,49.2111051
"7000 St. George St., Vancouver, BC, Canada",4,-123.0948351,49.21959469999999
"1800 Trutch St., Vancouver, BC, Canada",5,-123.1756702,49.270255
"2000 48th Ave W., Vancouver, BC, Canada",9,-123.1165968,49.2270244
"1500 King Edward Ave. W., Vancouver, BC, Canada",2,-123.1402856,49.2491344
"300 29th Ave E., Vancouver, BC, Canada",5,-123.0405753,49.2445379
"4800 Dumfries St., Vancouver, BC, Canada",10,-123.0736072,49.24151819999999
"1900 Balsam St., Vancouver, BC, Canada",174,-123.1598686,49.26914300000001
"1300 8th Ave W., Vancouver, BC, Canada",223,-123.1338196,49.26425529999999
"5100 Victoria Dr., Vancouver, BC, Canada",31,-123.0651467,49.2380963
"2600 22nd Ave E., Vancouver, BC, Canada",15,-123.0521148,49.250402
"2500 Burrard St., Vancouver, BC, Canada",11,-123.1457383,49.2640854
"700 6th Ave E., Vancouver, BC, Canada",13,-123.0887735,49.2650167
"5900 Toderick St., Vancouver, BC, Canada",7,-123.0288799,49.2302381
"1900 34th Ave E., Vancouver, BC, Canada",30,-123.0670238,49.2390486
"2600 Kingsway, Vancouver, BC, Canada",89,-123.0519287,49.238948
"1900 33rd Ave E., Vancouver, BC, Canada",4,-123.0669436,49.23988749999999
"7200 Ontario St., Vancouver, BC, Canada",7,-123.1058133,49.21934539999999
"400 2nd Ave W., Vancouver, BC, Canada",108,-123.1130225,49.2674827
"2000 Cypress St, Vancouver, BC, Canada",21,-123.147973,49.268068
"1500 Maple St., Vancouver, BC, Canada",23,-123.1502167,49.2722193
"1100 Howe St., Vancouver, BC, Canada",489,-123.1256759,49.2787993
"6000 Victoria Dr., Vancouver, BC, Canada",13,-123.0656111,49.2294567
"3700 Inverness St., Vancouver, BC, Canada",16,-123.0798809,49.2520311
"500 25th Ave W., Vancouver, BC, Canada",6,-123.1824053,49.3346083
"100 Columbia St., Vancouver, BC, Canada",153,-123.1017916,49.2835083
"500 Carrall St., Vancouver, BC, Canada",52,-123.1041761,49.2807168
"1000 Expo Boulevard, Vancouver, BC, Canada",109,-123.1159185,49.2749184
"7100 Main St., Vancouver, BC, Canada",1,-123.101491,49.2200988
"3400 4th Ave E., Vancouver, BC, Canada",1,-123.1794023,49.2680991
"4300 Locarno Cr., Vancouver, BC, Canada",4,-123.2026585,49.2689313
"0 43rd Ave W., Vancouver, BC, Canada",4,-123.1164515,49.2316665
"600 51st Ave E., Vancouver, BC, Canada",18,-123.092525,49.2233716
"3400 Euclid Ave., Vancouver, BC, Canada",30,-123.0336615,49.2364648
"3100 MacKenzie St., Vancouver, BC, Canada",1,-123.1703409,49.2587438
"900 12th Ave W., Vancouver, BC, Canada",22,-123.1249913,49.2603089
"1100 Nootka St., Vancouver, BC, Canada",3,-123.0410904,49.2747253
"1300 Continental St., Vancouver, BC, Canada",47,-123.1287433,49.2761639
"700 33rd Ave E., Vancouver, BC, Canada",34,-123.0889789,49.2401057
"1400 Carolina St., Vancouver, BC, Canada",10,-123.0909787,49.26573699999999
"1800 Macdonald St., Vancouver, BC, Canada",25,-123.1679872,49.2699654
"2900 4th Ave W., Vancouver, BC, Canada",52,-123.1701154,49.2683708
"3700 Hudson St., Vancouver, BC, Canada",2,-123.1342341,49.2527895
"4500 12th Ave W., Vancouver, BC, Canada",13,-123.2092072,49.261999
"7700 Argyle St., Vancouver, BC, Canada",1,-123.0720081,49.2145859
"1900 Creelman Ave., Vancouver, BC, Canada",121,-123.1480907,49.2743124
"3600 Fraser St., Vancouver, BC, Canada",6,-123.0896639,49.2529069
"7800 Columbia St., Vancouver, BC, Canada",10,-123.1127028,49.2142805
"6900 Quebec St., Vancouver, BC, Canada",7,-123.1039304,49.2219986
"2400 Penticton St., Vancouver, BC, Canada",5,-123.0521666,49.2629792
"3300 6th Ave W., Vancouver, BC, Canada",6,-123.1779349,49.2665599
"3200 Prince Edward St., Vancouver, BC, Canada",13,-123.0963534,49.256659
"400 Seymour St., Vancouver, BC, Canada",305,-123.1134311,49.2841102
"600 23rd Ave W., Vancouver, BC, Canada",4,-123.1181542,49.2504554
"8000 Granville St., Vancouver, BC, Canada",57,-123.1401304,49.2130193
"3700 Pt. Grey Rd., Vancouver, BC, Canada",77,-123.1854463,49.2721915
"2000 10th Ave W., Vancouver, BC, Canada",110,-123.1504668,49.2623562
"1300 McLean Dr., Vancouver, BC, Canada",11,-123.0743345,49.272726
"400 Powell St., Vancouver, BC, Canada",176,-123.094347,49.28264
"3000 17th Ave E., Vancouver, BC, Canada",8,-123.0413961,49.25455789999999
"1600 Franklin St., Vancouver, BC, Canada",98,-123.0723202,49.2820197
"100 7th Ave E., Vancouver, BC, Canada",25,-123.1027524,49.2645654
"2400 Hemlock St., Vancouver, BC, Canada",19,-123.1357989,49.2655754
"3100 Montcalm St, Vancouver, BC, Canada",15,-123.1300994,49.2572774
"4400 Sophia St., Vancouver, BC, Canada",11,-123.0983184,49.2453102
"2500 Glen Dr., Vancouver, BC, Canada",15,-123.0812267,49.2621652
"300 Seymour St., Vancouver, BC, Canada",52,-123.1118804,49.2852834
"800 McLean Dr., Vancouver, BC, Canada",3,-123.0739395,49.2773455
"1200 7th Ave E., Vancouver, BC, Canada",61,-123.0793351,49.2640399
"1300 7th Ave E., Vancouver, BC, Canada",43,-123.0775178,49.26422410000001
"4600 7th Ave W., Vancouver, BC, Canada",7,-123.2118389,49.2662486
"2100 8th Ave W., Vancouver, BC, Canada",81,-123.1531251,49.2645928
"600 Georgia St. E., Vancouver, BC, Canada",70,-123.1173078,49.2819458
"1600 Station St., Vancouver, BC, Canada",7,-123.0980723,49.2707391
"5600 College St., Vancouver, BC, Canada",4,-123.0441657,49.2342
"2000 E. Kent Ave. S., Vancouver, BC, Canada",2,-123.0661501,49.2072169
"1400 Frances St., Vancouver, BC, Canada",78,-123.0754487,49.2792752
"2800 14th Ave E., Vancouver, BC, Canada",16,-123.0466937,49.2570035
"2500 Kingsway, Vancouver, BC, Canada",56,-123.0548027,49.24009210000001
"1400 Parker St., Vancouver, BC, Canada",19,-123.0756546,49.2756441
"500 Slocan St., Vancouver, BC, Canada",13,-123.049322,49.2802123
"6200 Cambie St., Vancouver, BC, Canada",41,-123.1159208,49.22872040000001
"500 32nd Ave W., Vancouver, BC, Canada",1,-123.1189028,49.241979
"2400 Trutch St., Vancouver, BC, Canada",176,-123.1758727,49.2650776
"3300 Columbia St., Vancouver, BC, Canada",30,-123.1022542,49.2816335
"2400 Manitoba St., Vancouver, BC, Canada",143,-123.1065686,49.263537
"5900 Boulevard E., Vancouver, BC, Canada",10,-123.1207375,49.2827291
"1400 Lillooet St., Vancouver, BC, Canada",49,-123.0388997,49.27228239999999
"4500 Cariboo St., Vancouver, BC, Canada",3,-123.0273914,49.2442092
"1800 37th Ave W., Vancouver, BC, Canada",7,-123.1467784,49.238172
"3000 Kitchener St., Vancouver, BC, Canada",4,-123.041442,49.2722783
"900 Station St., Vancouver, BC, Canada",137,-123.0980538,49.272507
"400 Alexander St., Vancouver, BC, Canada",219,-123.095551,49.2838319
"700 Venables St., Vancouver, BC, Canada",1,-123.081523,49.2762714
"200 17th Ave E., Vancouver, BC, Canada",143,-123.1011881,49.255526
"200 23rd Ave E., Vancouver, BC, Canada",289,-123.0684496,49.3305908
"300 Kingsway, Vancouver, BC, Canada",58,-123.097801,49.2610574
"300 Union St., Vancouver, BC, Canada",187,-123.0968681,49.277404
"400 5th Ave E., Vancouver, BC, Canada",8,-123.1128574,49.2666366
"400 Heatley Ave., Vancouver, BC, Canada",89,-123.0893127,49.2805158
"1800 7th Ave E., Vancouver, BC, Canada",118,-123.0677902,49.263963
"200 14th Ave E., Vancouver, BC, Canada",60,-123.1097177,49.2584481
"300 Powell St., Vancouver, BC, Canada",285,-123.0974085,49.282881
"3800 Penticton St., Vancouver, BC, Canada",43,-123.052242,49.25069
"900 Union St., Vancouver, BC, Canada",1,-123.0847722,49.2772794
"600 24th Ave E., Vancouver, BC, Canada",42,-123.1183864,49.25005890000001
"700 Pacific Blvd., Vancouver, BC, Canada",121,-123.1085528,49.2769513
"2900 Grant St., Vancouver, BC, Canada",16,-123.0439691,49.2712146
"800 28th Ave W., Vancouver, BC, Canada",75,-123.1237691,49.24621759999999
"1300 Hastings St. W., Vancouver, BC, Canada",351,-123.1252365,49.2895364
"2000 Kingsway, Vancouver, BC, Canada",69,-123.0653728,49.2450779
"200 Commercial Dr., Vancouver, BC, Canada",24,-123.0703669,49.2830933
"300 13th Ave W., Vancouver, BC, Canada",58,-123.1111912,49.2591689
"300 50th Ave E., Vancouver, BC, Canada",10,-123.0995072,49.2244488
"700 McLean Dr., Vancouver, BC, Canada",19,-123.0739397,49.2773455
"7000 Prince Edward St., Vancouver, BC, Canada",1,-123.0976706,49.2209649
"5800 Granville St., Vancouver, BC, Canada",4,-123.1391907,49.2333547
"700 26th Ave E., Vancouver, BC, Canada",44,-123.0721468,49.2478351
"600 Main St., Vancouver, BC, Canada",132,-123.0997373,49.2794823
"2100 Bayswater St., Vancouver, BC, Canada",4,-123.1711111,49.2675354
"1800 Trafalgar St., Vancouver, BC, Canada",22,-123.1641746,49.2698694
"400 53rd Ave E., Vancouver, BC, Canada",73,-123.0976068,49.221851
"1800 36th Ave E., Vancouver, BC, Canada",11,-123.0684218,49.2373014
"3100 Carolina St., Vancouver, BC, Canada",26,-123.0916754,49.2562462
"800 Pender St. W., Vancouver, BC, Canada",73,-123.1164446,49.28526189999999
"3700 Carolina St., Vancouver, BC, Canada",3,-123.0920269,49.2515779
"5200 Aberdeen St., Vancouver, BC, Canada",9,-123.0268963,49.2373768
"2300 Harrison Dr., Vancouver, BC, Canada",4,-123.059839,49.20843499999999
"2100 Fir St., Vancouver, BC, Canada",27,-123.1409034,49.2668975
"2700 39th Ave W., Vancouver, BC, Canada",3,-123.1654408,49.23638800000001
"4700 Dunbar St., Vancouver, BC, Canada",5,-123.184887,49.2441231
"3700 28th Ave W., Vancouver, BC, Canada",5,-123.186739,49.24712
"1100 11th Ave W., Vancouver, BC, Canada",89,-123.1290391,49.2615699
"1600 41st Ave W., Vancouver, BC, Canada",3,-123.141483,49.2341823
"1100 Nicola St., Vancouver, BC, Canada",25,-123.1358913,49.2855218
"1200 Lamey's Mill Rd., Vancouver, BC, Canada",19,-123.1330377,49.266918
"3400 Fraser St., Vancouver, BC, Canada",42,-123.0899302,49.254579
"1600 Kingsway, Vancouver, BC, Canada",15,-123.0712999,49.2479981
"1600 14th Ave E., Vancouver, BC, Canada",19,-123.0736948,49.257787
"3200 3rd Ave W., Vancouver, BC, Canada",16,-123.1759193,49.26920510000001
"300 Garden Dr., Vancouver, BC, Canada",201,-123.0578206,49.2820439
"2100 McLean Dr., Vancouver, BC, Canada",8,-123.075181,49.2657604
"3300 Victoria Dr., Vancouver, BC, Canada",20,-123.0660147,49.2568665
"2400 Kingsway, Vancouver, BC, Canada",34,-123.0560681,49.24042799999999
"8700 Yukon St., Vancouver, BC, Canada",30,-123.11529,49.206435
"3600 28th Ave W., Vancouver, BC, Canada",29,-123.185222,49.247117
"3400 Broadway St. W., Vancouver, BC, Canada",18,-123.1798446,49.2642758
"4500 Reid St., Vancouver, BC, Canada",2,-123.0355173,49.2442565
"2500 24th Ave E., Vancouver, BC, Canada",30,-123.0581032,49.2486409
"1500 Thornton St., Vancouver, BC, Canada",2,-123.0930285,49.2725013
"900 Odlum Dr., Vancouver, BC, Canada",11,-123.0756532,49.2765299
"3600 27th Ave W., Vancouver, BC, Canada",20,-123.185224,49.248084
"2100 Cypress St, Vancouver, BC, Canada",23,-123.1479939,49.2672535
"200 7th Ave W., Vancouver, BC, Canada",76,-123.1095115,49.2646435
"1500 58th Ave W., Vancouver, BC, Canada",15,-123.1406071,49.218311
"1500 Franklin St., Vancouver, BC, Canada",22,-123.0742249,49.2822462
"1700 Grant St., Vancouver, BC, Canada",148,-123.0691318,49.2710412
"3200 17th Ave E., Vancouver, BC, Canada",2,-123.0365179,49.2547473
"1000 18th Ave E., Vancouver, BC, Canada",5,-123.0832627,49.2543105
"1800 Columbia St., Vancouver, BC, Canada",64,-123.109468,49.2692758
"2900 Prince Edward St., Vancouver, BC, Canada",14,-123.0961502,49.25893019999999
"0 3rd Ave E., Vancouver, BC, Canada",126,-123.102749,49.2682659
"200 Alexander St., Vancouver, BC, Canada",313,-123.0995227,49.2840887
"1200 Bidwell St., Vancouver, BC, Canada",249,-123.1404907,49.2859259
"3100 Prince Albert St., Vancouver, BC, Canada",8,-123.0872548,49.25674739999999
"2400 6th Ave W., Vancouver, BC, Canada",23,-123.1599628,49.2665489
"4300 Cartier St., Vancouver, BC, Canada",3,-123.1367574,49.247388
"600 Beatty St., Vancouver, BC, Canada",93,-123.1105849,49.2798502
"4400 Atlin St., Vancouver, BC, Canada",105,-123.0455512,49.2452407
"1600 Cypress St, Vancouver, BC, Canada",120,-123.1478339,49.2715878
"1800 Island Ave., Vancouver, BC, Canada",3,-123.0692384,49.2092287
"7000 Quebec St., Vancouver, BC, Canada",2,-123.103962,49.2211092
"3000 Prince Albert St., Vancouver, BC, Canada",3,-123.0872548,49.25674739999999
"4500 Angus Dr., Vancouver, BC, Canada",1,-123.1454234,49.2455387
"1800 7th Ave W., Vancouver, BC, Canada",109,-123.1459508,49.2654219
"1800 Venables St., Vancouver, BC, Canada",65,-123.067716,49.2764382
"1600 28th Ave W., Vancouver, BC, Canada",4,-123.1270401,49.2459668
"2500 28th Ave E., Vancouver, BC, Canada",6,-123.0542516,49.2454501
"2400 Trafalgar St., Vancouver, BC, Canada",108,-123.1644554,49.2647973
"1100 Balfour Ave., Vancouver, BC, Canada",2,-123.1298566,49.2520131
"1500 Nanton Ave., Vancouver, BC, Canada",3,-123.1393881,49.2473981
"2400 Blenheim St., Vancouver, BC, Canada",108,-123.1776118,49.26501649999999
"4600 Cambie St., Vancouver, BC, Canada",13,-123.1115408,49.2387745
"1500 29th Ave W., Vancouver, BC, Canada",2,-123.1392213,49.24545699999999
"2300 Spruce St., Vancouver, BC, Canada",50,-123.1287342,49.26507609999999
"1200 15th Ave W., Vancouver, BC, Canada",33,-123.1316665,49.25763449999999
"2600 Columbia St., Vancouver, BC, Canada",37,-123.1091984,49.2619571
"8100 Granville St., Vancouver, BC, Canada",5,-123.1401456,49.2120145
"4700 Earles St., Vancouver, BC, Canada",2,-123.0441378,49.24211529999999
"4200 Sophia St., Vancouver, BC, Canada",43,-123.0988049,49.24701
"1600 Beach Ave., Vancouver, BC, Canada",151,-123.1413239,49.2840517
"1300 Balfour Ave., Vancouver, BC, Canada",8,-123.1344428,49.2518939
"1300 Lamey's Mill Rd., Vancouver, BC, Canada",13,-123.1330271,49.2669149
"3700 Dunbar St., Vancouver, BC, Canada",1,-123.185162,49.25376199999999
"1400 Balfour Ave., Vancouver, BC, Canada",2,-123.1366952,49.2519862
"3600 Glen Dr., Vancouver, BC, Canada",96,-123.0818194,49.252239
"4400 Ash St., Vancouver, BC, Canada",30,-123.118468,49.2479947
"1400 Crescent, The, Vancouver, BC, Canada",1,-123.136497,49.25489169999999
"5500 Gladstone St., Vancouver, BC, Canada",19,-123.0621045,49.2349043
"3500 45th Ave E., Vancouver, BC, Canada",10,-123.0289162,49.2292487
"1800 15th Ave E., Vancouver, BC, Canada",24,-123.0678368,49.2568195
"1500 26th Ave W., Vancouver, BC, Canada",2,-123.0856723,49.3137325
"700 Pender St. E., Vancouver, BC, Canada",90,-123.0893623,49.27992889999999
"1800 Kitchener St., Vancouver, BC, Canada",52,-123.06721,49.2721251
"1400 57th Ave W., Vancouver, BC, Canada",16,-123.1377546,49.2193221
"4800 Victoria Dr., Vancouver, BC, Canada",35,-123.0649709,49.2414844
"5000 St. Catherines St., Vancouver, BC, Canada",1,-123.0865894,49.2393187
"1500 61st Ave W., Vancouver, BC, Canada",13,-123.1436426,49.2157265
"4700 Arbutus St., Vancouver, BC, Canada",9,-123.1529943,49.24368990000001
"3400 Welwyn St., Vancouver, BC, Canada",9,-123.0690161,49.2540224
"5600 Gladstone St., Vancouver, BC, Canada",8,-123.0621175,49.23389710000001
"2400 Brunswick St., Vancouver, BC, Canada",47,-123.0969848,49.2640983
"2300 Boundary Rd., Vancouver, BC, Canada",3,-123.0228957,49.2640813
"2800 Cambie St., Vancouver, BC, Canada",30,-123.1149311,49.2603662
"1400 13th Ave E., Vancouver, BC, Canada",19,-123.1362388,49.25979299999999
"3200 Victoria Dr., Vancouver, BC, Canada",22,-123.0660286,49.2565779
"3300 38th Ave W., Vancouver, BC, Canada",8,-123.1786922,49.2375831
"1800 Trimble St., Vancouver, BC, Canada",1,-123.2057827,49.2713056
"2700 Watson St., Vancouver, BC, Canada",42,-123.100376,49.2611158
"1400 59th Ave W., Vancouver, BC, Canada",3,-123.1376686,49.21709569999999
"1400 Granville St., Vancouver, BC, Canada",9,-123.1293623,49.2741625
"400 49th Ave W., Vancouver, BC, Canada",38,-123.1143794,49.2260591
"8400 Heather St., Vancouver, BC, Canada",13,-123.1239374,49.2099157
"1200 12th Ave W., Vancouver, BC, Canada",76,-123.1315789,49.260441
"3600 26th Ave E., Vancouver, BC, Canada",5,-123.0543009,49.24708880000001
"3300 Dunbar St., Vancouver, BC, Canada",40,-123.1848539,49.2572339
"3000 Oak St., Vancouver, BC, Canada",13,-123.1263982,49.2587173
"2300 Ontario St., Vancouver, BC, Canada",27,-123.1045993,49.2643599
"5600 Ontario St., Vancouver, BC, Canada",3,-123.1053974,49.2343527
"5300 Taunton St., Vancouver, BC, Canada",17,-123.038322,49.2364301
"7300 Knight St., Vancouver, BC, Canada",2,-123.0769725,49.2180563
"2900 Victoria Dr., Vancouver, BC, Canada",21,-123.0659644,49.2586267
"5000 Payne St., Vancouver, BC, Canada",23,-123.0291146,49.2396633
"1900 Dunbar St., Vancouver, BC, Canada",19,-123.183636,49.2694927
"100 Walter Hardwick Ave., Vancouver, BC, Canada",45,-123.1066674,49.2709381
"1600 Frances St., Vancouver, BC, Canada",158,-123.0727572,49.2794191
"400 Nelson St., Vancouver, BC, Canada",106,-123.1203563,49.27720189999999
"600 Cambie St., Vancouver, BC, Canada",13,-123.1116124,49.2803968
"400 55th Ave E., Vancouver, BC, Canada",16,-123.0976972,49.220077
"6300 Cambie St., Vancouver, BC, Canada",85,-123.1159413,49.2278197
"400 60th Ave E., Vancouver, BC, Canada",11,-123.0978447,49.2157683
"4000 35th Ave W., Vancouver, BC, Canada",2,-123.1936958,49.2405165
"2400 Pender St. E., Vancouver, BC, Canada",47,-123.128813,49.2898219
"1000 42nd Ave W., Vancouver, BC, Canada",4,-123.1285809,49.2328446
"3500 Copley St., Vancouver, BC, Canada",4,-123.0572828,49.25170490000001
"300 Pender St. W., Vancouver, BC, Canada",24,-123.1112717,49.2821722
"3300 Penticton St., Vancouver, BC, Canada",1,-123.0521834,49.25654609999999
"200 32nd Ave E., Vancouver, BC, Canada",17,-123.1000522,49.2420896
"7500 St. George St., Vancouver, BC, Canada",2,-123.0941531,49.2161357
"1600 Marine Dr. S.W., Vancouver, BC, Canada",1,-123.1447272,49.2084662
"4700 Joyce St., Vancouver, BC, Canada",4,-123.0276778,49.2425898
"1400 Howe St., Vancouver, BC, Canada",58,-123.1304439,49.2756395
"3300 Wellington Ave., Vancouver, BC, Canada",17,-123.0361872,49.2424111
"0 6th Ave W., Vancouver, BC, Canada",100,-123.1143376,49.26587689999999
"5700 Boulevard W., Vancouver, BC, Canada",112,-123.1966917,49.23493670000001
"4400 13th Ave W., Vancouver, BC, Canada",5,-123.2062015,49.261038
"400 38th Ave E., Vancouver, BC, Canada",5,-123.09708,49.2362481
"2400 Yukon St., Vancouver, BC, Canada",102,-123.1129063,49.26393789999999
"2700 51st Ave E., Vancouver, BC, Canada",5,-123.0524394,49.2227401
"400 Hornby St., Vancouver, BC, Canada",57,-123.1163437,49.2862466
"300 36th Ave E., Vancouver, BC, Canada",3,-123.1002169,49.238112
"4100 Miller St., Vancouver, BC, Canada",3,-123.0683014,49.248382
"3800 11th Ave W., Vancouver, BC, Canada",2,-123.1878325,49.2625946
"2300 Granville St., Vancouver, BC, Canada",122,-123.1380919,49.265195
"300 Terminal Ave., Vancouver, BC, Canada",81,-123.0981945,49.2721952
"4200 8th Ave W., Vancouver, BC, Canada",4,-123.2000143,49.2651724
"1500 16th Ave W., Vancouver, BC, Canada",47,-123.1393053,49.25684769999999
"5700 Willow St., Vancouver, BC, Canada",167,-123.1238635,49.2338615
"500 Abbott St., Vancouver, BC, Canada",1551,-123.1075616,49.2810977
"1400 15th Ave W., Vancouver, BC, Canada",120,-123.1365443,49.2579546
"1500 13th Ave E., Vancouver, BC, Canada",63,-123.0730943,49.2584961
"4700 Fairmont St., Vancouver, BC, Canada",1,-123.04147,49.242058
"300 33rd Ave E., Vancouver, BC, Canada",3,-123.0990824,49.2402952
"4100 Prince Edward St., Vancouver, BC, Canada",8,-123.0967623,49.2487642
"4300 Hudson St., Vancouver, BC, Canada",111,-123.1344356,49.2473314
"3700 10th Ave W., Vancouver, BC, Canada",220,-123.1858885,49.2634805
"500 Victoria Dr., Vancouver, BC, Canada",11,-123.0653629,49.28010459999999
"4200 Dunbar St., Vancouver, BC, Canada",48,-123.1849385,49.2488726
"1500 Frances St., Vancouver, BC, Canada",47,-123.0740437,49.2794434
"900 Main St., Vancouver, BC, Canada",80,-123.0998144,49.275061
"300 National Ave., Vancouver, BC, Canada",1,-123.0985346,49.2748946
"1500 5th Ave W., Vancouver, BC, Canada",57,-123.1381402,49.2666021
"2700 5th Ave W., Vancouver, BC, Canada",9,-123.1665926,49.267227
"2000 Barclay St., Vancouver, BC, Canada",101,-123.1417745,49.2928366
"5100 Sophia St., Vancouver, BC, Canada",3,-123.0990718,49.2386949
"400 34th Ave E., Vancouver, BC, Canada",6,-123.0968126,49.2394973
"4300 Quebec St., Vancouver, BC, Canada",53,-123.1030871,49.2472387
"4500 Walden St., Vancouver, BC, Canada",33,-123.0999211,49.2444433
"2900 Watson St., Vancouver, BC, Canada",307,-123.1002918,49.25926459999999
"4600 Oak St., Vancouver, BC, Canada",95,-123.1280936,49.2445175
"6400 Main St., Vancouver, BC, Canada",49,-123.1015766,49.2266523
"1700 Cypress St, Vancouver, BC, Canada",12,-123.1478675,49.2706989
"600 Hastings St. W., Vancouver, BC, Canada",217,-123.1128815,49.2846693
"1500 7th Ave W., Vancouver, BC, Canada",573,-123.1385412,49.2653553
"600 Jervis St., Vancouver, BC, Canada",122,-123.1251088,49.2888366
"0 32nd Ave E., Vancouver, BC, Canada",41,-123.0879389,49.2416856
"8500 Oak St., Vancouver, BC, Canada",2,-123.1299807,49.2092531
"1900 Turner St., Vancouver, BC, Canada",19,-123.0647152,49.278936
"1800 York Ave., Vancouver, BC, Canada",209,-123.1464166,49.2715615
"5000 Prince Albert St., Vancouver, BC, Canada",7,-123.0877176,49.2393554
"2000 12th Ave W., Vancouver, BC, Canada",33,-123.1510338,49.2608105
"3200 14th Ave E., Vancouver, BC, Canada",9,-123.0366184,49.2572049
"1900 Columbia St., Vancouver, BC, Canada",61,-123.1093065,49.2682911
"1100 Hastings St. W., Vancouver, BC, Canada",629,-123.119771,49.287947
"200 28th Ave E., Vancouver, BC, Canada",168,-123.0971917,49.2454425
"400 10th Ave E., Vancouver, BC, Canada",128,-123.1127602,49.2622223
"2200 48th Ave E., Vancouver, BC, Canada",7,-123.0621246,49.226041
"1500 14th Ave E., Vancouver, BC, Canada",24,-123.073695,49.2577771
"900 15th Ave W., Vancouver, BC, Canada",102,-123.1246452,49.2575861
"700 23rd Ave E., Vancouver, BC, Canada",13,-123.0900924,49.2501039
"300 Burrard St., Vancouver, BC, Canada",6,-123.1167693,49.2872935
"1200 Georgia St. W., Vancouver, BC, Canada",140,-123.1259289,49.2872225
"700 Bute St., Vancouver, BC, Canada",708,-123.1257232,49.2868388
"600 45th Ave E., Vancouver, BC, Canada",9,-123.0924431,49.2290097
"1000 Georgia St. W., Vancouver, BC, Canada",220,-123.1214784,49.2843458
"6600 Inverness St., Vancouver, BC, Canada",4,-123.0797911,49.2243563
"3700 Puget Dr., Vancouver, BC, Canada",6,-123.1751654,49.2542549
"2000 Burrard St., Vancouver, BC, Canada",3,-123.145335,49.2681559
"2900 Pine St., Vancouver, BC, Canada",23,-123.1435228,49.26005
"200 46th Ave E., Vancouver, BC, Canada",11,-123.1017883,49.2284765
"1400 Old Bridge Ct., Vancouver, BC, Canada",8,-123.1345622,49.270564
"1900 Trutch St., Vancouver, BC, Canada",8,-123.175724,49.269369
"1500 64th Ave W., Vancouver, BC, Canada",8,-123.1401452,49.2131354
"400 35th Ave E., Vancouver, BC, Canada",6,-123.0969948,49.23886719999999
"800 37th Ave E., Vancouver, BC, Canada",2,-123.088071,49.2365114
"300 Howe St., Vancouver, BC, Canada",416,-123.1142107,49.2861214
"1000 George St., Vancouver, BC, Canada",3,-123.0793127,49.2757307
"1000 Pender St. W., Vancouver, BC, Canada",408,-123.117793,49.2865925
"6400 Collingwood St., Vancouver, BC, Canada",3,-123.1816406,49.2287332
"500 Woodland Dr., Vancouver, BC, Canada",34,-123.0726473,49.2804026
"2300 Birch St., Vancouver, BC, Canada",60,-123.1334008,49.2649727
"3100 16th Ave E., Vancouver, BC, Canada",7,-123.0390326,49.2555872
"200 36th Ave E., Vancouver, BC, Canada",8,-123.1009138,49.2381264
"3800 29th Ave W., Vancouver, BC, Canada",12,-123.1883193,49.2459971
"2400 Stephens St., Vancouver, BC, Canada",65,-123.166244,49.26503899999999
"1200 10th Ave W., Vancouver, BC, Canada",71,-123.1316643,49.2622903
"400 21st Ave W., Vancouver, BC, Canada",28,-123.11248,49.2517974
"2800 Granville St., Vancouver, BC, Canada",313,-123.1384068,49.2608758
"4500 Carnarvon St., Vancouver, BC, Canada",2,-123.172943,49.2463814
"1800 13th Ave W., Vancouver, BC, Canada",40,-123.1459118,49.2599433
"600 Helmcken St., Vancouver, BC, Canada",210,-123.1240727,49.2778627
"2900 7th Ave E., Vancouver, BC, Canada",27,-123.0434185,49.2636257
"3400 Heather St., Vancouver, BC, Canada",1,-123.1198545,49.2550628
"0 28th Ave E., Vancouver, BC, Canada",31,-123.0504968,49.2453057
"3300 Rupert St., Vancouver, BC, Canada",1,-123.0334451,49.25469409999999
"2100 Oxford St., Vancouver, BC, Canada",20,-123.0615776,49.28570269999999
"200 65th Ave E., Vancouver, BC, Canada",12,-123.1013878,49.2115436
"2000 16th Ave W., Vancouver, BC, Canada",13,-123.1507708,49.2572467
"3000 Granville St., Vancouver, BC, Canada",299,-123.138512,49.2588667
"2800 Oxford St., Vancouver, BC, Canada",20,-123.0469849,49.2854689
"1500 6th Ave W., Vancouver, BC, Canada",1080,-123.138644,49.266008
"2200 Cornwall Ave., Vancouver, BC, Canada",336,-123.1549761,49.2725806
"1500 Kaslo St., Vancouver, BC, Canada",3,-123.0467192,49.2716217
"100 37th Ave E., Vancouver, BC, Canada",8,-123.1034316,49.237068
"3100 Ash St., Vancouver, BC, Canada",22,-123.1181276,49.2574247
"2500 Ward St., Vancouver, BC, Canada",5,-123.0525304,49.2415189
"100 Pender St. W., Vancouver, BC, Canada",48,-123.1083648,49.2809257
"7800 Oak St., Vancouver, BC, Canada",2,-123.1297522,49.21414129999999
"2400 Alberta St., Vancouver, BC, Canada",53,-123.1109114,49.263882
"1200 11th Ave W., Vancouver, BC, Canada",92,-123.1315457,49.26137869999999
"900 8th Ave W., Vancouver, BC, Canada",325,-123.1244996,49.2641982
"1400 13th Ave W., Vancouver, BC, Canada",128,-123.1362388,49.25979299999999
"700 Jervis St., Vancouver, BC, Canada",170,-123.1267158,49.2882409
"700 Broughton St., Vancouver, BC, Canada",95,-123.1282417,49.2890422
"1000 14th Ave W., Vancouver, BC, Canada",54,-123.1276656,49.2585793
"400 Keefer St., Vancouver, BC, Canada",158,-123.0954825,49.279419
"2400 Quebec St., Vancouver, BC, Canada",414,-123.1029227,49.2637375
"500 Alexander St., Vancouver, BC, Canada",269,-123.0930833,49.2837082
"400 8th Ave W., Vancouver, BC, Canada",1250,-123.1130011,49.2637892
"2500 Balaclava St., Vancouver, BC, Canada",123,-123.1738497,49.26400750000001
"1600 Pender St. E., Vancouver, BC, Canada",148,-123.0726482,49.2803237
"1700 4th Ave E., Vancouver, BC, Canada",54,-123.1432774,49.2679897
"2400 Scotia St., Vancouver, BC, Canada",74,-123.0989195,49.2639449
"2900 Granville St., Vancouver, BC, Canada",244,-123.1387008,49.2598534
"1500 Beach Ave., Vancouver, BC, Canada",49,-123.1413037,49.2827718
"3300 Willow St., Vancouver, BC, Canada",7,-123.1220635,49.25613629999999
"500 23rd Ave W., Vancouver, BC, Canada",112,-123.1145327,49.2498786
"400 Carrall St., Vancouver, BC, Canada",102,-123.1043349,49.281494
"700 Graveley St., Vancouver, BC, Canada",1,-123.0770647,49.270405
"3600 5th Ave W., Vancouver, BC, Canada",12,-123.183649,49.267748
"2000 15th Ave W., Vancouver, BC, Canada",9,-123.1507389,49.258192
"1900 3rd Ave W., Vancouver, BC, Canada",115,-123.1479354,49.2689318
"0 Powell St., Vancouver, BC, Canada",389,-123.0843227,49.2827482
"300 34th Ave E., Vancouver, BC, Canada",10,-123.0993396,49.2396538
"3300 11th Ave W., Vancouver, BC, Canada",15,-123.1778933,49.2624427
"100 2nd Ave W., Vancouver, BC, Canada",195,-123.1065781,49.26926599999999
"1100 Cordova St. W., Vancouver, BC, Canada",1215,-123.1205233,49.288456
"0 29th Ave E., Vancouver, BC, Canada",103,-123.0405753,49.2445379
"100 26th Ave W., Vancouver, BC, Canada",49,-123.1028808,49.24784690000001
"3300 Church St., Vancouver, BC, Canada",22,-123.0352014,49.2345353
"1400 Pender St. W., Vancouver, BC, Canada",76,-123.1274289,49.2895703
"200 17th Ave W., Vancouver, BC, Canada",37,-123.1011881,49.255526
"100 Keefer Pl., Vancouver, BC, Canada",124,-123.1083712,49.2795672
"6500 Frederick St., Vancouver, BC, Canada",18,-123.0916997,49.22514450000001
"700 12th Ave W., Vancouver, BC, Canada",9,-123.1199791,49.2604256
"3500 20th Ave W., Vancouver, BC, Canada",12,-123.1817806,49.25467080000001
"100 6th Ave E., Vancouver, BC, Canada",80,-123.102983,49.2653887
"1100 Bidwell St., Vancouver, BC, Canada",126,-123.1382331,49.2870485
"400 45th Ave E., Vancouver, BC, Canada",13,-123.0973921,49.2292869
"2700 Skeena St., Vancouver, BC, Canada",118,-123.0280208,49.2607955
"3200 48th Ave E., Vancouver, BC, Canada",16,-123.038819,49.2254874
"1500 20th Ave E., Vancouver, BC, Canada",4,-123.0819046,49.25250560000001
"300 5th Ave E., Vancouver, BC, Canada",163,-123.098814,49.266378
"2000 39th Ave E., Vancouver, BC, Canada",17,-123.0659781,49.2343792
"200 Cordova St. E., Vancouver, BC, Canada",43,-123.0991899,49.2820574
"1700 2nd Ave E., Vancouver, BC, Canada",24,-123.1431599,49.26974800000001
"200 5th Ave E., Vancouver, BC, Canada",51,-123.1005357,49.2662752
"1200 16th Ave E., Vancouver, BC, Canada",3,-123.0796518,49.2560611
"1000 Harwood St., Vancouver, BC, Canada",228,-123.1318591,49.2779102
"400 13th Ave W., Vancouver, BC, Canada",70,-123.1131183,49.2592192
"3300 Commercial Dr., Vancouver, BC, Canada",10,-123.0684681,49.2551519
"200 Woodstock Ave. E, Vancouver, BC, Canada",9,-123.101712,49.2336028
"5400 Boulevard W., Vancouver, BC, Canada",252,-123.1207375,49.2827291
"0 53rd Ave E., Vancouver, BC, Canada",9,-123.0683896,49.2218343
"1000 Salsbury Dr., Vancouver, BC, Canada",15,-123.0672874,49.2755464
"3500 30th Ave W., Vancouver, BC, Canada",14,-123.181911,49.245196
"4900 Carnarvon St., Vancouver, BC, Canada",1,-123.1727732,49.2437718
"5300 McKinnon St., Vancouver, BC, Canada",82,-123.0366533,49.2362338
"200 38th Ave E., Vancouver, BC, Canada",1,-123.1016477,49.2363296
"3100 8th Ave W., Vancouver, BC, Canada",30,-123.173962,49.2650544
"2200 36th Ave W., Vancouver, BC, Canada",5,-123.1581737,49.2393218
"2400 Trimble St., Vancouver, BC, Canada",16,-123.2056254,49.2660773
"500 Bute St., Vancouver, BC, Canada",415,-123.1226082,49.2886683
"400 57th Ave E., Vancouver, BC, Canada",1,-123.097747,49.218373
"4600 Earles St., Vancouver, BC, Canada",3,-123.0434319,49.2428626
"1100 Melville St., Vancouver, BC, Canada",1255,-123.1230105,49.28668820000001
"3600 Tupper St., Vancouver, BC, Canada",11,-123.1161408,49.2547006
"500 17th Ave W., Vancouver, BC, Canada",145,-123.115097,49.2558829
"2400 23rd Ave E., Vancouver, BC, Canada",25,-123.1600318,49.2516115
"6200 St. George St., Vancouver, BC, Canada",7,-123.0938087,49.22744170000001
"1200 26th Ave W., Vancouver, BC, Canada",4,-123.181825,49.249004
"3600 Kingsway, Vancouver, BC, Canada",111,-123.0264686,49.2321768
"2000 2nd Ave W., Vancouver, BC, Canada",26,-123.1501711,49.2696355
"1300 14th Ave W., Vancouver, BC, Canada",50,-123.1340591,49.2586174
"900 18th Ave W., Vancouver, BC, Canada",9,-123.1244485,49.2552871
"200 4th Ave W., Vancouver, BC, Canada",29,-123.0563139,49.2665145
"100 Central St., Vancouver, BC, Canada",24,-123.0996322,49.27140439999999
"900 Dunsmuir St., Vancouver, BC, Canada",30,-123.118376,49.2848932
"2600 Watson St., Vancouver, BC, Canada",5,-123.1001527,49.2619503
"6100 Prince Edward St., Vancouver, BC, Canada",1,-123.0973921,49.2292869
"700 Hornby St., Vancouver, BC, Canada",273,-123.1201857,49.2837172
"5400 Main St., Vancouver, BC, Canada",4,-123.1013404,49.23628979999999
"1700 Pine St., Vancouver, BC, Canada",298,-123.1430212,49.26957669999999
"3800 21st Ave W., Vancouver, BC, Canada",3,-123.1880736,49.2537921
"100 Broadway St. E., Vancouver, BC, Canada",217,-123.1450448,49.2635592
"300 Abbott St., Vancouver, BC, Canada",585,-123.106734,49.2829485
"100 Main St., Vancouver, BC, Canada",110,-123.0995227,49.2840887
"1300 Homer St., Vancouver, BC, Canada",481,-123.1248804,49.2742148
"500 Gore Ave., Vancouver, BC, Canada",138,-123.0969999,49.2805976
"3100 Arbutus St., Vancouver, BC, Canada",6,-123.1531169,49.2582225
"8400 Cambie St., Vancouver, BC, Canada",27,-123.1172162,49.2098644
"1000 Canada Pl., Vancouver, BC, Canada",1081,-123.113742,49.2876595
"1100 16th Ave E., Vancouver, BC, Canada",1,-123.0814802,49.2561028
"1000 26th Ave W., Vancouver, BC, Canada",2,-123.0511334,49.3333787
"800 Broadway St. E., Vancouver, BC, Canada",25,-123.0869757,49.2623148
"800 Commercial Dr., Vancouver, BC, Canada",22,-123.0704878,49.2775725
"100 4th Ave W., Vancouver, BC, Canada",168,-123.1496634,49.2683428
"1400 Burrard St., Vancouver, BC, Canada",39,-123.1331004,49.2761807
"3500 Glen Dr., Vancouver, BC, Canada",1,-123.0817816,49.2532556
"2800 Broadway St. W., Vancouver, BC, Canada",357,-123.1685307,49.2641954
"1000 Howe St., Vancouver, BC, Canada",749,-123.1239257,49.2797428
"2600 Broadway St. W., Vancouver, BC, Canada",382,-123.1647469,49.26400839999999
"1000 Alberni St., Vancouver, BC, Canada",1433,-123.1217498,49.2840684
"2100 Napier St., Vancouver, BC, Canada",5,-123.0618833,49.2747995
"600 13th Ave W., Vancouver, BC, Canada",102,-123.1177684,49.2593346
"200 15th Ave E., Vancouver, BC, Canada",76,-123.1011553,49.2575137
"1900 51st Ave E., Vancouver, BC, Canada",17,-123.0674906,49.2232569
"200 47th Ave E., Vancouver, BC, Canada",6,-123.1015293,49.2275514
"2900 2nd Ave E., Vancouver, BC, Canada",8,-123.0991754,49.2682537
"1000 Pacific St., Vancouver, BC, Canada",14,-123.1324422,49.276968
"400 36th Ave E., Vancouver, BC, Canada",1,-123.097508,49.2377538
"7100 Ontario St., Vancouver, BC, Canada",6,-123.1061377,49.2202576
"2000 Highbury St., Vancouver, BC, Canada",7,-123.1876412,49.2688889
"100 52nd Ave E., Vancouver, BC, Canada",10,-123.103894,49.22290599999999
"500 11th Ave E., Vancouver, BC, Canada",16,-123.0927897,49.2605126
"3000 42nd Ave W., Vancouver, BC, Canada",4,-123.1730509,49.2337739
"400 14th Ave W., Vancouver, BC, Canada",43,-123.1131724,49.258518
"3600 Hastings St. E., Vancouver, BC, Canada",62,-123.0254087,49.280876
"500 Vernon Dr., Vancouver, BC, Canada",7,-123.079039,49.280172
"4200 Prince Edward St., Vancouver, BC, Canada",4,-123.0968204,49.2473812
"1400 William St., Vancouver, BC, Canada",19,-123.0758897,49.2740374
"1400 Pendrell St., Vancouver, BC, Canada",55,-123.1361321,49.2846177
"2000 45th Ave E., Vancouver, BC, Canada",6,-123.0652952,49.2294533
"1800 Burrard St., Vancouver, BC, Canada",3,-123.1452033,49.2689187
"1800 Parker St., Vancouver, BC, Canada",34,-123.0672317,49.2755258
"600 14th Ave W., Vancouver, BC, Canada",95,-123.1180208,49.25841339999999
"2800 33rd Ave W., Vancouver, BC, Canada",4,-123.1679307,49.24229829999999
"1100 37th Ave E., Vancouver, BC, Canada",2,-123.0827226,49.2362996
"500 Powell St., Vancouver, BC, Canada",82,-123.0931764,49.282932
"4600 Boundary Rd., Vancouver, BC, Canada",13,-123.0232544,49.243691
"300 Woodstock Ave. E, Vancouver, BC, Canada",8,-123.0995369,49.2335614
"3800 Main St., Vancouver, BC, Canada",7,-123.1006233,49.2508978
"5700 Balsam St., Vancouver, BC, Canada",150,-123.1610853,49.23438489999999
"600 Cordova St. E., Vancouver, BC, Canada",215,-123.091368,49.2819854
"2700 4th Ave W., Vancouver, BC, Canada",40,-123.1663563,49.2683471
"1900 Napier St., Vancouver, BC, Canada",20,-123.0656653,49.274831
"1300 37th Ave W., Vancouver, BC, Canada",10,-123.1349292,49.2377386
"200 Marine Dr. S.W., Vancouver, BC, Canada",35,-123.1108126,49.2115154
"400 30th Ave E., Vancouver, BC, Canada",7,-123.0967291,49.2433365
"1400 Station St., Vancouver, BC, Canada",13,-123.098076,49.2712687
"3300 Glen Dr., Vancouver, BC, Canada",2,-123.0817711,49.253464
"1500 10th Ave W., Vancouver, BC, Canada",268,-123.1385995,49.2626325
"1200 McLean Dr., Vancouver, BC, Canada",37,-123.074478,49.27263139999999
"1300 Rolston St., Vancouver, BC, Canada",20,-123.1277155,49.27545199999999
"5200 Culloden St., Vancouver, BC, Canada",3,-123.0782592,49.2368304
"4300 Alexandra St., Vancouver, BC, Canada",4,-123.1411918,49.2480295
"900 Hamilton St., Vancouver, BC, Canada",359,-123.1186268,49.2775592
"1100 Haro St., Vancouver, BC, Canada",292,-123.1263516,49.2838959
"2100 Garden Dr., Vancouver, BC, Canada",1,-123.0578671,49.2659414
"1600 Pendrell St., Vancouver, BC, Canada",54,-123.139151,49.2868739
"200 16th Ave E., Vancouver, BC, Canada",108,-123.1006513,49.2565941
"3100 Findlay St., Vancouver, BC, Canada",11,-123.0676345,49.2563113
"200 28th Ave W., Vancouver, BC, Canada",1,-123.1224149,49.2462396
"2200 4th Ave E., Vancouver, BC, Canada",7,-123.15535,49.2679266
"1700 13th Ave W., Vancouver, BC, Canada",35,-123.1435258,49.2599296
"6400 Victoria Dr., Vancouver, BC, Canada",35,-123.0657484,49.2263177
"2300 Hastings St. E., Vancouver, BC, Canada",36,-123.0578507,49.281184
"2500 Quebec St., Vancouver, BC, Canada",147,-123.1029828,49.262967
"4500 Cambie St., Vancouver, BC, Canada",32,-123.1148414,49.24539739999999
"1000 Station St., Vancouver, BC, Canada",394,-123.0979868,49.2725103
"800 Jervis St., Vancouver, BC, Canada",35,-123.1278474,49.2870712
"900 Beach Ave., Vancouver, BC, Canada",173,-123.1331598,49.2753932
"5900 Prince Edward St., Vancouver, BC, Canada",1,-123.097324,49.2306738
"1000 Beach Ave., Vancouver, BC, Canada",106,-123.1338545,49.2757826
"2600 Highbury St., Vancouver, BC, Canada",1,-123.1876361,49.2635754
"200 Pender St. E., Vancouver, BC, Canada",452,-123.0992782,49.28029890000001
"5800 Larch St., Vancouver, BC, Canada",3,-123.1624579,49.23366559999999
"1900 19th Ave E., Vancouver, BC, Canada",51,-123.0658439,49.25385439999999
"2700 Hemlock St., Vancouver, BC, Canada",150,-123.1359804,49.2613587
"2200 York Ave., Vancouver, BC, Canada",131,-123.1552345,49.2715712
"1400 6th Ave W., Vancouver, BC, Canada",228,-123.1362075,49.2660297
"1400 14th Ave E., Vancouver, BC, Canada",15,-123.075937,49.2576741
"1100 Gilford St., Vancouver, BC, Canada",5,-123.1417654,49.2893429
"500 14th Ave W., Vancouver, BC, Canada",148,-123.1151545,49.25873869999999
"6500 Alberta St., Vancouver, BC, Canada",25,-123.1129607,49.2262804
"1400 14th Ave W., Vancouver, BC, Canada",211,-123.1362692,49.2588699
"2400 Birch St., Vancouver, BC, Canada",274,-123.1336909,49.2644319
"1200 Georgia St. E., Vancouver, BC, Canada",24,-123.1259289,49.2872225
"900 38th Ave W., Vancouver, BC, Canada",4,-123.0865556,49.2354172
"600 28th Ave W., Vancouver, BC, Canada",9,-123.1185379,49.24616409999999
"0 11th Ave W., Vancouver, BC, Canada",81,-123.1577324,49.2620719
"1800 Maple St., Vancouver, BC, Canada",28,-123.1503008,49.26985670000001
"3400 Kingsway, Vancouver, BC, Canada",106,-123.0335119,49.2326659
"800 39th Ave W., Vancouver, BC, Canada",1,-123.1237263,49.2356355
"6400 Ash St., Vancouver, BC, Canada",31,-123.1178477,49.2270117
"3000 E. Kent Ave. S., Vancouver, BC, Canada",29,-123.0448224,49.2061231
"2700 St. Catherines St., Vancouver, BC, Canada",6,-123.0850895,49.2604359
"8600 Montcalm St, Vancouver, BC, Canada",14,-123.1361299,49.20850249999999
"6200 Boulevard E., Vancouver, BC, Canada",11,-123.250572,49.26506999999999
"6500 Fraser St., Vancouver, BC, Canada",106,-123.0907656,49.2254556
"1600 Powell St., Vancouver, BC, Canada",13,-123.0725798,49.2834987
"1100 73rd Ave W., Vancouver, BC, Canada",27,-123.1318103,49.2043149
"600 50th Ave E., Vancouver, BC, Canada",52,-123.0926389,49.2245438
"1700 41st Ave E., Vancouver, BC, Canada",4,-123.1455362,49.234422
"100 54th Ave E., Vancouver, BC, Canada",3,-123.103962,49.2211092
"6400 Marguerite St., Vancouver, BC, Canada",2,-123.1449603,49.2279127
"2100 Guelph St., Vancouver, BC, Canada",6,-123.094612,49.26615140000001
"1200 Nicola St., Vancouver, BC, Canada",81,-123.1371034,49.2845557
"0 30th Ave E., Vancouver, BC, Canada",52,-123.1013548,49.24327659999999
"5100 Prince Edward St., Vancouver, BC, Canada",6,-123.0967036,49.2386926
"1000 Melville St., Vancouver, BC, Canada",81,-123.1211867,49.2859504
"300 38th Ave E., Vancouver, BC, Canada",1,-123.0992628,49.23608580000001
"4200 Commercial Dr., Vancouver, BC, Canada",1,-123.0681689,49.2544017
"3900 14th Ave W., Vancouver, BC, Canada",8,-123.190959,49.2599431
"2400 St. Catherines St., Vancouver, BC, Canada",27,-123.0850324,49.2632469
"5800 Vine St., Vancouver, BC, Canada",23,-123.159674,49.2337059
"3100 54th Ave E., Vancouver, BC, Canada",24,-123.0411208,49.2200058
"4300 Dunbar St., Vancouver, BC, Canada",15,-123.185219,49.248084
"3600 Wellington Ave., Vancouver, BC, Canada",43,-123.0270821,49.2386796
"1700 Comox St., Vancouver, BC, Canada",31,-123.1374763,49.2869851
"4000 Welwyn St., Vancouver, BC, Canada",8,-123.0696209,49.2490189
"100 Kaslo St. N., Vancouver, BC, Canada",2,-123.0464309,49.2841118
"5600 Carnarvon St., Vancouver, BC, Canada",21,-123.1730408,49.2357016
"700 14th Ave W., Vancouver, BC, Canada",73,-123.1199214,49.2584457
"1400 Rupert St., Vancouver, BC, Canada",21,-123.0336625,49.2722743
"5400 Ontario St., Vancouver, BC, Canada",2,-123.1053418,49.2366401
"2100 Manitoba St., Vancouver, BC, Canada",53,-123.1067001,49.26638029999999
"3500 King Edward Ave. W., Vancouver, BC, Canada",3,-123.181851,49.24994
"900 46th Ave W., Vancouver, BC, Canada",3,-123.1268058,49.2292569
"800 Windermere St., Vancouver, BC, Canada",2,-123.0363279,49.2763961
"3700 16th Ave W., Vancouver, BC, Canada",7,-123.186669,49.2576504
"2700 Broadway St. E., Vancouver, BC, Canada",7,-123.0490961,49.2616459
"6300 Beatrice St., Vancouver, BC, Canada",3,-123.0667248,49.22690009999999
"2200 Marstrand Ave., Vancouver, BC, Canada",7,-123.156314,49.2623261
"0 21st Ave W., Vancouver, BC, Canada",8,-123.1529908,49.2535102
"2000 30th Ave E., Vancouver, BC, Canada",9,-123.1013548,49.24327659999999
"0 Walter Hardwick Ave., Vancouver, BC, Canada",20,-123.1066674,49.2709381
"1400 Maple St., Vancouver, BC, Canada",53,-123.1498918,49.2733696
"2900 Hebb Ave., Vancouver, BC, Canada",7,-123.0439428,49.2592298
"0 29th Ave W., Vancouver, BC, Canada",5,-123.1729229,49.2461839
"3100 3rd Ave W., Vancouver, BC, Canada",26,-123.1737807,49.2693364
"800 19th Ave W., Vancouver, BC, Canada",10,-123.122142,49.2543655
"0 Smithe St., Vancouver, BC, Canada",46,-123.1185342,49.2784155
"1500 43rd Ave W., Vancouver, BC, Canada",6,-123.1405548,49.23249180000001
"700 23rd Ave W., Vancouver, BC, Canada",26,-123.1203088,49.2506863
"200 King Edward Ave. E., Vancouver, BC, Canada",18,-123.1010448,49.2487338
"2800 Ash St., Vancouver, BC, Canada",49,-123.1176165,49.26039060000001
"1000 Broadway St. E., Vancouver, BC, Canada",74,-123.1272445,49.2637076
"2300 Broadway St. E., Vancouver, BC, Canada",2,-123.1579133,49.26363449999999
"1000 Garden Dr., Vancouver, BC, Canada",3,-123.0576961,49.274968
"1700 Parker St., Vancouver, BC, Canada",199,-123.0695393,49.2757655
"700 69th Ave W., Vancouver, BC, Canada",59,-123.1209953,49.20896519999999
"400 1st Ave W., Vancouver, BC, Canada",1,-123.1139136,49.26824
"8800 Hudson St., Vancouver, BC, Canada",52,-123.134686,49.205698
"600 30th Ave E., Vancouver, BC, Canada",11,-123.0922482,49.2433728
"2300 Glen Dr., Vancouver, BC, Canada",47,-123.0813345,49.2640067
"3400 Willow St., Vancouver, BC, Canada",6,-123.1221248,49.25488900000001
"2300 5th Ave W., Vancouver, BC, Canada",42,-123.1577842,49.267102
"1400 Georgia St. W., Vancouver, BC, Canada",49,-123.1283739,49.289064
"4500 Dunbar St., Vancouver, BC, Canada",24,-123.185233,49.24616
"800 Homer St., Vancouver, BC, Canada",2056,-123.1147064,49.28092239999999
"3600 30th Ave W., Vancouver, BC, Canada",12,-123.1852326,49.2452187
"1200 Glen Dr., Vancouver, BC, Canada",2,-123.0813176,49.2741495
"1700 Lakewood Dr., Vancouver, BC, Canada",6,-123.0616953,49.269168
"100 Alexander St., Vancouver, BC, Canada",728,-123.1023331,49.2836048
"900 24th Ave W., Vancouver, BC, Canada",1,-123.0862188,49.2490072
"200 Lakewood Dr., Vancouver, BC, Canada",25,-123.0616825,49.2829242
"700 37th Ave W., Vancouver, BC, Canada",12,-123.1194716,49.2373862
"1700 16th Ave E., Vancouver, BC, Canada",14,-123.0696978,49.2563415
"3200 49th Ave E., Vancouver, BC, Canada",2,-123.0388619,49.2246913
"0 41st Ave W., Vancouver, BC, Canada",2,-123.1582998,49.2343653
"1900 11th Ave E., Vancouver, BC, Canada",46,-123.0652454,49.2604284
"3000 Broadway St. W., Vancouver, BC, Canada",594,-123.1721936,49.2640324
"8600 Osler St., Vancouver, BC, Canada",8,-123.131617,49.208472
"400 Garden Dr., Vancouver, BC, Canada",38,-123.0578505,49.2811886
"1400 Marine Dr. S.W., Vancouver, BC, Canada",4,-123.1410507,49.2029398
"1100 72nd Ave W., Vancouver, BC, Canada",44,-123.1324842,49.2056761
"4700 Gladstone St., Vancouver, BC, Canada",19,-123.0624833,49.2425529
"200 43rd Ave E., Vancouver, BC, Canada",7,-123.1013877,49.2310591
"600 Thurlow St., Vancouver, BC, Canada",144,-123.1203758,49.2875463
"0 40th Ave E., Vancouver, BC, Canada",5,-123.082549,49.2337305
"0 38th Ave W., Vancouver, BC, Canada",1,-123.1207375,49.2827291
"5600 Main St., Vancouver, BC, Canada",2,-123.1012337,49.2344704
"1000 Cordova St. W., Vancouver, BC, Canada",2083,-123.1152564,49.2873487
"100 38th Ave W., Vancouver, BC, Canada",2,-123.103592,49.236361
"2000 Trafalgar St., Vancouver, BC, Canada",10,-123.1645454,49.2683413
"5500 Cypress St, Vancouver, BC, Canada",1,-123.1491208,49.2363419
"2000 Granville St., Vancouver, BC, Canada",1,-123.1385587,49.2671413
"700 Cordova St. W., Vancouver, BC, Canada",361,-123.1130483,49.2860525
"4200 46th Ave E., Vancouver, BC, Canada",1,-123.0238064,49.2279214
"300 35th Ave E., Vancouver, BC, Canada",4,-123.0989146,49.2387023
"3300 Clive Ave., Vancouver, BC, Canada",48,-123.0350883,49.2390045
"5700 Fraser St., Vancouver, BC, Canada",7,-123.0904684,49.2329041
"6100 Beatrice St., Vancouver, BC, Canada",12,-123.0666746,49.2288912
"3900 Taylor St., Vancouver, BC, Canada",1,-123.1058788,49.2801246
"6000 Balsam St., Vancouver, BC, Canada",4,-123.1610917,49.2319389
"6300 Elm St., Vancouver, BC, Canada",1,-123.164368,49.2290967
"6000 Elm St., Vancouver, BC, Canada",3,-123.1639267,49.2320066
"4300 St. George St., Vancouver, BC, Canada",5,-123.0938251,49.2453089
"5900 Balsam St., Vancouver, BC, Canada",6,-123.1614158,49.2328246
"1400 Georgia St. E., Vancouver, BC, Canada",19,-123.0753757,49.2783994
"2900 42nd Ave E., Vancouver, BC, Canada",11,-123.0458351,49.2318643
"3900 19th Ave W., Vancouver, BC, Canada",2,-123.1907942,49.2556121
"2800 Birch St., Vancouver, BC, Canada",62,-123.1338165,49.2608052
"600 National Ave., Vancouver, BC, Canada",11,-123.0921156,49.2734556
"6700 Fraser St., Vancouver, BC, Canada",6,-123.090814,49.2235464
"2000 Creelman Ave., Vancouver, BC, Canada",105,-123.1498721,49.274361
"1000 Quebec St., Vancouver, BC, Canada",30,-123.102096,49.2760907
"400 Pacific St., Vancouver, BC, Canada",54,-123.1261698,49.2730687
"600 Alamein Ave., Vancouver, BC, Canada",1,-123.1683271,49.2500734
"2600 Hemlock St., Vancouver, BC, Canada",203,-123.1361732,49.2625954
"1600 10th Ave W., Vancouver, BC, Canada",83,-123.1411568,49.2624534
"800 Pender St. E., Vancouver, BC, Canada",104,-123.1164446,49.28526189999999
"300 8th Ave E., Vancouver, BC, Canada",245,-123.0989399,49.263672
"1600 Charles St., Vancouver, BC, Canada",280,-123.0710352,49.2728361
"1000 Dunsmuir St., Vancouver, BC, Canada",711,-123.1193954,49.2855457
"5500 Cambie St., Vancouver, BC, Canada",15,-123.1159716,49.2353872
"600 Hastings St. E., Vancouver, BC, Canada",108,-123.0913713,49.28102759999999
"900 W. Kent Ave. N., Vancouver, BC, Canada",1,-123.1191258,49.2057543
"2500 Hastings St. E., Vancouver, BC, Canada",64,-123.0548229,49.2809989
"2700 35th Ave W., Vancouver, BC, Canada",3,-123.1656744,49.2403938
"1600 Nelson St., Vancouver, BC, Canada",121,-123.1358444,49.28729560000001
"700 Vernon Dr., Vancouver, BC, Canada",12,-123.0790353,49.2784582
"2900 Wall St., Vancouver, BC, Canada",19,-123.0449571,49.2909994
"6200 Yukon St., Vancouver, BC, Canada",3,-123.1121189,49.2451507
"900 Broadway St. E., Vancouver, BC, Canada",28,-123.1243701,49.26349399999999
"600 Pender St. E., Vancouver, BC, Canada",79,-123.0914691,49.2802538
"1100 Bute St., Vancouver, BC, Canada",45,-123.1315356,49.2827639
"2100 York Ave., Vancouver, BC, Canada",90,-123.1526552,49.2716595
"5900 Victoria Dr., Vancouver, BC, Canada",6,-123.0655929,49.2303446
"2900 Broadway St. E., Vancouver, BC, Canada",32,-123.0443804,49.2620043
"1400 64th Ave W., Vancouver, BC, Canada",62,-123.1376266,49.2130946
"5900 Yew St., Vancouver, BC, Canada",22,-123.1585945,49.2327731
"1900 Barclay St., Vancouver, BC, Canada",126,-123.1391314,49.291096
"5200 Cambie St., Vancouver, BC, Canada",8,-123.116232,49.23737
"5500 Oak St., Vancouver, BC, Canada",11,-123.1276942,49.2357637
"400 Dunlevy Ave., Vancouver, BC, Canada",71,-123.0951429,49.281073
"400 18th Ave E., Vancouver, BC, Canada",6,-123.0965633,49.2547272
"3100 21st Ave E., Vancouver, BC, Canada",9,-123.039051,49.251485
"5300 Spencer St., Vancouver, BC, Canada",10,-123.0397998,49.2364978
"200 Heatley Ave., Vancouver, BC, Canada",31,-123.0894512,49.2829991
"1500 Semlin Dr., Vancouver, BC, Canada",4,-123.0635975,49.27153879999999
"2600 St. Catherines St., Vancouver, BC, Canada",19,-123.0850763,49.2613067
"2000 1st Ave W., Vancouver, BC, Canada",46,-123.0636633,49.2693862
"800 17th Ave W., Vancouver, BC, Canada",73,-123.1220635,49.25613629999999
"3800 Dumfries St., Vancouver, BC, Canada",17,-123.0729858,49.2510075
"100 29th Ave E., Vancouver, BC, Canada",100,-123.0405753,49.2445379
"600 23rd Ave E., Vancouver, BC, Canada",40,-123.1181542,49.2504554
"5200 Sherbrooke St., Vancouver, BC, Canada",3,-123.0813168,49.2374523
"600 52nd Ave E., Vancouver, BC, Canada",4,-123.0924991,49.2224753
"0 2nd Ave W., Vancouver, BC, Canada",199,-123.1416108,49.2696244
"400 Kamloops St., Vancouver, BC, Canada",43,-123.0545935,49.2811438
"1500 6th Ave E., Vancouver, BC, Canada",25,-123.0715827,49.2648123
"1300 Bidwell St., Vancouver, BC, Canada",84,-123.1417905,49.2850359
"2100 4th Ave W., Vancouver, BC, Canada",1508,-123.1529592,49.26802
"1700 4th Ave W., Vancouver, BC, Canada",685,-123.1432774,49.2679897
"2100 37th Ave E., Vancouver, BC, Canada",5,-123.0637022,49.23673420000001
"1700 5th Ave W., Vancouver, BC, Canada",477,-123.1432623,49.2671307
"1900 13th Ave E., Vancouver, BC, Canada",19,-123.0659644,49.2586267
"2200 4th Ave W., Vancouver, BC, Canada",2053,-123.15535,49.2679266
"5200 Yew St., Vancouver, BC, Canada",1,-123.1581265,49.2383643
"800 10th Ave E., Vancouver, BC, Canada",8,-123.0869974,49.2613348
"3900 36th Ave W., Vancouver, BC, Canada",2,-123.1909473,49.23949349999999
"3500 Clark Dr., Vancouver, BC, Canada",10,-123.0779372,49.2526185
"3800 36th Ave W., Vancouver, BC, Canada",5,-123.188171,49.2395193
"2800 Pine St., Vancouver, BC, Canada",52,-123.1435063,49.26071349999999
"2000 Scotia St., Vancouver, BC, Canada",49,-123.0987089,49.26737869999999
"2800 8th Ave W., Vancouver, BC, Canada",25,-123.1686424,49.2647632
"1400 Davie St., Vancouver, BC, Canada",130,-123.1366643,49.283591
"5500 Heather St., Vancouver, BC, Canada",2,-123.1208556,49.23556560000001
"5300 Cecil St., Vancouver, BC, Canada",71,-123.0346446,49.2366355
"1200 12th Ave E., Vancouver, BC, Canada",6,-123.0795622,49.2594478
"2900 Water St., Vancouver, BC, Canada",1,-93.68001330000001,44.8344406
"900 Kingsway, Vancouver, BC, Canada",29,-123.0853327,49.2541923
"7100 Prince Edward St., Vancouver, BC, Canada",2,-123.0974727,49.2200196
"3700 26th Ave W., Vancouver, BC, Canada",4,-123.0856723,49.3137325
"1000 Broughton St., Vancouver, BC, Canada",38,-123.1330929,49.2858117
"2900 38th Ave W., Vancouver, BC, Canada",4,-123.1702852,49.2375754
"4000 Cambie St., Vancouver, BC, Canada",30,-123.1151286,49.2499883
"200 Alexandra St., Vancouver, BC, Canada",2,-123.1414566,49.24934709999999
"3500 26th Ave W., Vancouver, BC, Canada",41,-123.181825,49.249004
"2000 Main St., Vancouver, BC, Canada",12,-123.1006772,49.2671647
"6100 Ash St., Vancouver, BC, Canada",94,-123.118468,49.2479947
"1200 27th Ave W., Vancouver, BC, Canada",6,-123.0800299,49.246257
"5600 Alma St., Vancouver, BC, Canada",11,-123.1864764,49.235678
"600 Prior St., Vancouver, BC, Canada",13,-123.091516,49.2764853
"700 27th Ave W., Vancouver, BC, Canada",22,-123.1206201,49.2469186
"400 Drake St., Vancouver, BC, Canada",291,-123.124565,49.2737874
"2900 Columbia St., Vancouver, BC, Canada",6,-123.1095939,49.2593896
"2700 Grandview Hwy. S., Vancouver, BC, Canada",1,-123.0466296,49.2579339
"5400 Joyce St., Vancouver, BC, Canada",3,-123.034658,49.2354505
"4100 Willow St., Vancouver, BC, Canada",4,-123.1223274,49.249217
"4400 Yukon St., Vancouver, BC, Canada",10,-123.1120595,49.2459997
"2500 Guelph St., Vancouver, BC, Canada",47,-123.0949314,49.26256249999999
"3200 Quebec St., Vancouver, BC, Canada",22,-123.1032397,49.2566081
"1800 Robson St., Vancouver, BC, Canada",368,-123.1354798,49.2912429
"800 16th Ave E., Vancouver, BC, Canada",9,-123.0874946,49.2563921
"2600 31st Ave W., Vancouver, BC, Canada",1,-123.1643177,49.2441919
"3500 Wellington Ave., Vancouver, BC, Canada",10,-123.0301623,49.2400809
"2300 Renfrew St., Vancouver, BC, Canada",13,-123.0442994,49.2638487
"1100 21st Ave E., Vancouver, BC, Canada",14,-123.081846,49.25178709999999
"300 23rd Ave W., Vancouver, BC, Canada",16,-123.1113707,49.2497881
"8700 French St., Vancouver, BC, Canada",14,-123.1392571,49.2070424
"600 43rd Ave E., Vancouver, BC, Canada",6,-123.0923967,49.2308306
"500 43rd Ave E., Vancouver, BC, Canada",7,-123.0939204,49.2310376
"3800 Sophia St., Vancouver, BC, Canada",4,-123.0983726,49.2522947
"4500 Highbury St., Vancouver, BC, Canada",1,-123.1878769,49.2492394
"1100 Hornby St., Vancouver, BC, Canada",340,-123.1265073,49.2793247
"500 52nd Ave E., Vancouver, BC, Canada",8,-123.0940198,49.2224772
"1500 21st Ave E., Vancouver, BC, Canada",3,-123.073098,49.2516408
"4000 36th Ave W., Vancouver, BC, Canada",4,-123.1937135,49.23949
"1400 21st Ave E., Vancouver, BC, Canada",12,-123.076012,49.251685
"1800 12th Ave W., Vancouver, BC, Canada",21,-123.1458714,49.2608943
"800 Sennock Cr., Vancouver, BC, Canada",1,-123.2045896,49.2363396
"200 41st Ave W., Vancouver, BC, Canada",1,-123.1107584,49.2332818
"2100 Semlin Dr., Vancouver, BC, Canada",2,-123.0638863,49.265949
"6400 Manitoba St., Vancouver, BC, Canada",4,-123.1083836,49.2267881
"4500 Culloden St., Vancouver, BC, Canada",9,-123.0786622,49.24203929999999
"1200 Pacific St., Vancouver, BC, Canada",109,-123.1367991,49.27963279999999
"4700 Windsor St., Vancouver, BC, Canada",10,-123.0837451,49.242629
"1500 Larch St., Vancouver, BC, Canada",12,-123.1618655,49.2723735
"4000 31st Ave W., Vancouver, BC, Canada",1,-123.193661,49.24428
"300 Skeena St., Vancouver, BC, Canada",36,-123.028124,49.28194430000001
"1900 Ontario St., Vancouver, BC, Canada",94,-123.1045096,49.2681642
"2000 36th Ave E., Vancouver, BC, Canada",11,-123.0657211,49.2374016
"800 Bute St., Vancouver, BC, Canada",58,-123.1270874,49.2857189
"3000 Maddams St, Vancouver, BC, Canada",15,-123.0750359,49.2566633
"600 Robson St., Vancouver, BC, Canada",102,-123.1192114,49.2806832
"1900 Charles St., Vancouver, BC, Canada",22,-123.0656948,49.2730194
"7900 Cambie St., Vancouver, BC, Canada",9,-123.1165767,49.2133458
"3700 Oak St., Vancouver, BC, Canada",27,-123.1272392,49.252577
"1600 Kitchener St., Vancouver, BC, Canada",266,-123.0714956,49.2721623
"3100 8th Ave E., Vancouver, BC, Canada",67,-123.0390364,49.2629487
"400 50th Ave W., Vancouver, BC, Canada",1,-123.0973834,49.2243963
"2900 Ontario St., Vancouver, BC, Canada",30,-123.1048061,49.2592305
"5500 Manson St., Vancouver, BC, Canada",5,-123.1193033,49.2355042
"1400 Adanac St., Vancouver, BC, Canada",44,-123.0755584,49.2774471
"1100 Lily St, Vancouver, BC, Canada",11,-123.0643118,49.27448649999999
"2000 7th Ave E., Vancouver, BC, Canada",5,-123.063836,49.263908
"2600 Arbutus St., Vancouver, BC, Canada",153,-123.1529591,49.26286959999999
"600 Homer St., Vancouver, BC, Canada",566,-123.1133673,49.2813121
"2000 Broadway St. W., Vancouver, BC, Canada",342,-123.150531,49.2637442
"1000 10th Ave W., Vancouver, BC, Canada",103,-123.1266589,49.2624586
"400 Hastings St. E., Vancouver, BC, Canada",55,-123.0953844,49.2812578
"1100 Connaught Dr., Vancouver, BC, Canada",7,-123.1300222,49.2436221
"1500 26th Ave E., Vancouver, BC, Canada",26,-123.0733094,49.2476564
"600 Bute St., Vancouver, BC, Canada",536,-123.1242076,49.28786789999999
"2900 44th Ave E., Vancouver, BC, Canada",29,-123.044697,49.2297544
"1000 Robson St., Vancouver, BC, Canada",2010,-123.1233137,49.2833507
"800 Seymour St., Vancouver, BC, Canada",1856,-123.1193045,49.280081
"2400 Ash St., Vancouver, BC, Canada",984,-123.1175101,49.2641696
"2900 E. Kent Ave. N., Vancouver, BC, Canada",10,-123.0420645,49.20684120000001
"900 Howe St., Vancouver, BC, Canada",863,-123.1225148,49.280592
"500 Broadway St. W., Vancouver, BC, Canada",1290,-123.1152287,49.263056
"700 Nelson St., Vancouver, BC, Canada",1050,-123.123025,49.2792781
"1000 Hastings St. W., Vancouver, BC, Canada",1541,-123.1171554,49.28716420000001
"1000 Hamilton St., Vancouver, BC, Canada",1502,-123.1189805,49.276537
"1500 Grant St., Vancouver, BC, Canada",62,-123.0735758,49.2714424
"200 Renfrew St., Vancouver, BC, Canada",22,-123.0440719,49.2829703
"400 Lakewood Dr., Vancouver, BC, Canada",12,-123.0616964,49.28123100000001
"1600 13th Ave E., Vancouver, BC, Canada",37,-123.0715944,49.2584892
"3800 31st Ave W., Vancouver, BC, Canada",2,-123.1882898,49.2442941
"6600 Quebec St., Vancouver, BC, Canada",8,-123.1038256,49.2249415
"6900 Whithorn ct., Vancouver, BC, Canada",8,-123.0312313,49.2204821
"1800 11th Ave E., Vancouver, BC, Canada",126,-123.0678278,49.260227
"600 Granville St., Vancouver, BC, Canada",16,-123.1165344,49.2835069
"2700 Blanca St., Vancouver, BC, Canada",1,-123.2152535,49.26305499999999
"4300 Ash St., Vancouver, BC, Canada",16,-123.1182153,49.2480881
"3300 8th Ave E., Vancouver, BC, Canada",19,-123.0341733,49.2629204
"7600 Yukon St., Vancouver, BC, Canada",6,-123.1151217,49.2102787
"1700 5th Ave E., Vancouver, BC, Canada",21,-123.0690611,49.2656104
"3200 Findlay St., Vancouver, BC, Canada",72,-123.0676121,49.2561411
"900 21st Ave W., Vancouver, BC, Canada",44,-123.1247482,49.2524515
"5200 Ash St., Vancouver, BC, Canada",4,-123.1174256,49.23825000000001
"900 McLean Dr., Vancouver, BC, Canada",4,-123.0739397,49.2773455
"1300 70th Ave W., Vancouver, BC, Canada",14,-123.1345021,49.2085127
"8000 Hudson St., Vancouver, BC, Canada",2,-123.13421,49.21303
"7700 Yukon St., Vancouver, BC, Canada",10,-123.1143405,49.2138538
"2700 34th Ave W., Vancouver, BC, Canada",1,-123.165654,49.24133699999999
"2600 33rd Ave W., Vancouver, BC, Canada",2,-123.1640756,49.2421057
"4200 Heather St., Vancouver, BC, Canada",5,-123.1202038,49.2480998
"900 32nd Ave W., Vancouver, BC, Canada",39,-123.1254373,49.2421908
"900 49th Ave W., Vancouver, BC, Canada",1,-123.1267339,49.2264641
"6600 Oak St., Vancouver, BC, Canada",2,-123.1280016,49.2254562
"400 24th Ave W., Vancouver, BC, Canada",23,-123.1845296,49.2510524
"2600 Carolina St., Vancouver, BC, Canada",16,-123.0908826,49.2613259
"7600 Oak St., Vancouver, BC, Canada",1,-123.129293,49.217111
"2100 13th Ave W., Vancouver, BC, Canada",12,-123.1530587,49.26006590000001
"0 Hemlock St., Vancouver, BC, Canada",1,-123.1361732,49.2625954
"1800 Creelman Ave., Vancouver, BC, Canada",65,-123.1466472,49.27429619999999
"500 27th Ave W., Vancouver, BC, Canada",9,-123.1156521,49.2470234
"2900 3rd Ave E., Vancouver, BC, Canada",5,-123.1701433,49.2691349
"200 Drake St., Vancouver, BC, Canada",215,-123.1232093,49.273142
"2500 Trutch St., Vancouver, BC, Canada",72,-123.1759262,49.2639419
"2900 Broadway St. W., Vancouver, BC, Canada",349,-123.1700814,49.26412329999999
"4300 Alma St., Vancouver, BC, Canada",28,-123.1860798,49.25803759999999
"1500 14th Ave W., Vancouver, BC, Canada",188,-123.1387331,49.2589157
"6200 Fraser St., Vancouver, BC, Canada",38,-123.0904209,49.2283351
"2400 2nd Ave W., Vancouver, BC, Canada",67,-123.1598012,49.2700149
"2500 Blenheim St., Vancouver, BC, Canada",103,-123.177737,49.26457079999999
"300 Keefer St., Vancouver, BC, Canada",201,-123.097189,49.279438
"1000 Gilford St., Vancouver, BC, Canada",19,-123.1402027,49.2903964
"200 29th Ave E., Vancouver, BC, Canada",152,-123.0405753,49.2445379
"700 49th Ave E., Vancouver, BC, Canada",22,-123.0908704,49.2254564
"2000 Pendrell St., Vancouver, BC, Canada",59,-123.1436955,49.289887
"500 65th Ave W., Vancouver, BC, Canada",80,-123.1175236,49.2112299
"1600 3rd Ave W., Vancouver, BC, Canada",369,-123.1407953,49.2688397
"1500 12th Ave W., Vancouver, BC, Canada",165,-123.138792,49.2607481
"5200 Joyce St., Vancouver, BC, Canada",56,-123.0325875,49.23745719999999
"1400 Harwood St., Vancouver, BC, Canada",139,-123.1389192,49.2822871
"900 Georgia St. W., Vancouver, BC, Canada",68,-123.1207825,49.2837494
"1600 Manitoba St., Vancouver, BC, Canada",378,-123.1068869,49.2711583
"5900 Beatrice St., Vancouver, BC, Canada",9,-123.066933,49.230528
"2900 8th Ave E., Vancouver, BC, Canada",54,-123.044219,49.2629557
"2600 Oak St., Vancouver, BC, Canada",165,-123.1266596,49.2624533
"2500 Hemlock St., Vancouver, BC, Canada",123,-123.1361501,49.2630858
"500 Helmcken St., Vancouver, BC, Canada",249,-123.1233299,49.2771532
"5100 Joyce St., Vancouver, BC, Canada",275,-123.0318373,49.238222
"2100 47th Ave W., Vancouver, BC, Canada",19,-123.0637139,49.2276142
"2300 Cambie St., Vancouver, BC, Canada",19,-123.114727,49.2649404
"500 22nd Ave W., Vancouver, BC, Canada",35,-123.1156526,49.25131409999999
"900 10th Ave W., Vancouver, BC, Canada",300,-123.1242375,49.2624179
"2600 Heather St., Vancouver, BC, Canada",112,-123.1199104,49.2623486
"2000 13th Ave E., Vancouver, BC, Canada",30,-123.0642257,49.2584267
"1100 Granville St., Vancouver, BC, Canada",161,-123.1246014,49.2778204
"1400 Beach Ave., Vancouver, BC, Canada",82,-123.1393589,49.28148840000001
"3100 Oak St., Vancouver, BC, Canada",45,-123.1270194,49.2578206
"700 28th Ave E., Vancouver, BC, Canada",45,-123.0902284,49.2455621
"1100 Mainland St, Vancouver, BC, Canada",1598,-123.1205451,49.2755027
"300 Robson St., Vancouver, BC, Canada",499,-123.1159258,49.2788392
"2000 Salsbury Dr., Vancouver, BC, Canada",1,-123.0673529,49.26988619999999
"2200 8th Ave E., Vancouver, BC, Canada",12,-123.0599573,49.2629741
"3300 Valley Dr., Vancouver, BC, Canada",1,-123.164086,49.2567963
"4200 Laurel St., Vancouver, BC, Canada",1,-123.1247338,49.24858330000001
"500 50th Ave W., Vancouver, BC, Canada",10,-123.0941155,49.2245593
"700 42nd Ave W., Vancouver, BC, Canada",11,-123.123546,49.2326861
"2200 Quebec St., Vancouver, BC, Canada",29,-123.102221,49.2661977
"5800 Fleming St., Vancouver, BC, Canada",2,-123.0726336,49.23177159999999
"1300 King Edward Ave. E., Vancouver, BC, Canada",4,-123.0774732,49.248548